timestamp,asset_id,equipment_type,terminal_id,zone_id,status,operating_mode,voltage_v,current_a,frequency_hz,active_power_kw,power_factor,load_percent,fuel_level_percent,coolant_temp_c,oil_pressure_bar,starter_battery_voltage_v,battery_charge_percent,battery_runtime_min,bypass_status,normal_source_available,emergency_source_available,ats_position,alarm_code,quality,source_mode
2026-07-15T00:00:00.000Z,GEN-01,generator,T1,EMERGENCY-POWER,standby,auto,0,0,50,0,0.98,0,88,29,0,26.2,,,,,,,,good,simulated
2026-07-15T00:00:00.000Z,GEN-02,generator,T1,EMERGENCY-POWER,standby,auto,0,0,50,0,0.98,0,88,29,0,26.2,,,,,,,,good,simulated
2026-07-15T00:00:00.000Z,ATS-01,ats,T1,EMERGENCY-POWER,running,auto,400,,,,,,,,,,,,,true,true,normal,,good,simulated
2026-07-15T00:00:00.000Z,UPS-01,ups,T1,EMERGENCY-POWER,running,online,400,116.22,50,70,0.98,35,,,,,97.93,63.2,false,,,,,good,simulated
2026-07-15T00:00:00.000Z,UPS-02,ups,T1,EMERGENCY-POWER,running,online,400,120.32,50,70,0.98,35,,,,,98.51,63.2,false,,,,,good,simulated
2026-07-15T00:10:00.000Z,GEN-01,generator,T1,EMERGENCY-POWER,standby,auto,0,0,50,0,0.98,0,88,29,0,26.2,,,,,,,,good,simulated
2026-07-15T00:10:00.000Z,GEN-02,generator,T1,EMERGENCY-POWER,standby,auto,0,0,50,0,0.98,0,88,29,0,26.2,,,,,,,,good,simulated
2026-07-15T00:10:00.000Z,ATS-01,ats,T1,EMERGENCY-POWER,running,auto,400,,,,,,,,,,,,,true,true,normal,,good,simulated
2026-07-15T00:10:00.000Z,UPS-01,ups,T1,EMERGENCY-POWER,running,online,400,123.18,50,70,0.98,35,,,,,98.63,63.2,false,,,,,good,simulated
2026-07-15T00:10:00.000Z,UPS-02,ups,T1,EMERGENCY-POWER,running,online,400,125.17,50,70,0.98,35,,,,,97.8,63.2,false,,,,,good,simulated
2026-07-15T00:20:00.000Z,GEN-01,generator,T1,EMERGENCY-POWER,standby,auto,0,0,50,0,0.98,0,87.99,29,0,26.2,,,,,,,,good,simulated
2026-07-15T00:20:00.000Z,GEN-02,generator,T1,EMERGENCY-POWER,standby,auto,0,0,50,0,0.98,0,87.99,29,0,26.2,,,,,,,,good,simulated
2026-07-15T00:20:00.000Z,ATS-01,ats,T1,EMERGENCY-POWER,running,auto,400,,,,,,,,,,,,,true,true,normal,,good,simulated
2026-07-15T00:20:00.000Z,UPS-01,ups,T1,EMERGENCY-POWER,running,online,400,118.64,50,70,0.98,35,,,,,98.2,63.2,false,,,,,good,simulated
2026-07-15T00:20:00.000Z,UPS-02,ups,T1,EMERGENCY-POWER,running,online,400,118.16,50,70,0.98,35,,,,,98.3,63.2,false,,,,,good,simulated
2026-07-15T00:30:00.000Z,GEN-01,generator,T1,EMERGENCY-POWER,standby,auto,0,0,50,0,0.98,0,87.99,29,0,26.2,,,,,,,,good,simulated
2026-07-15T00:30:00.000Z,GEN-02,generator,T1,EMERGENCY-POWER,standby,auto,0,0,50,0,0.98,0,87.99,29,0,26.2,,,,,,,,good,simulated
2026-07-15T00:30:00.000Z,ATS-01,ats,T1,EMERGENCY-POWER,running,auto,400,,,,,,,,,,,,,true,true,normal,,good,simulated
2026-07-15T00:30:00.000Z,UPS-01,ups,T1,EMERGENCY-POWER,running,online,400,115.39,50,70,0.98,35,,,,,97.9,63.2,false,,,,,good,simulated
2026-07-15T00:30:00.000Z,UPS-02,ups,T1,EMERGENCY-POWER,running,online,400,122.42,50,70,0.98,35,,,,,98.7,63.2,false,,,,,good,simulated
2026-07-15T00:40:00.000Z,GEN-01,generator,T1,EMERGENCY-POWER,standby,auto,0,0,50,0,0.98,0,87.98,29,0,26.2,,,,,,,,good,simulated
2026-07-15T00:40:00.000Z,GEN-02,generator,T1,EMERGENCY-POWER,standby,auto,0,0,50,0,0.98,0,87.98,29,0,26.2,,,,,,,,good,simulated
2026-07-15T00:40:00.000Z,ATS-01,ats,T1,EMERGENCY-POWER,running,auto,400,,,,,,,,,,,,,true,true,normal,,good,simulated
2026-07-15T00:40:00.000Z,UPS-01,ups,T1,EMERGENCY-POWER,running,online,400,114.02,50,70,0.98,35,,,,,97.8,63.2,false,,,,,good,simulated
2026-07-15T00:40:00.000Z,UPS-02,ups,T1,EMERGENCY-POWER,running,online,400,125.19,50,70,0.98,35,,,,,98.95,63.2,false,,,,,good,simulated
2026-07-15T00:50:00.000Z,GEN-01,generator,T1,EMERGENCY-POWER,standby,auto,0,0,50,0,0.98,0,87.98,29,0,26.2,,,,,,,,good,simulated
2026-07-15T00:50:00.000Z,GEN-02,generator,T1,EMERGENCY-POWER,standby,auto,0,0,50,0,0.98,0,87.98,29,0,26.2,,,,,,,,good,simulated
2026-07-15T00:50:00.000Z,ATS-01,ats,T1,EMERGENCY-POWER,running,auto,400,,,,,,,,,,,,,true,true,normal,,good,simulated
2026-07-15T00:50:00.000Z,UPS-01,ups,T1,EMERGENCY-POWER,running,online,400,114.77,50,70,0.98,35,,,,,97.91,63.2,false,,,,,good,simulated
2026-07-15T00:50:00.000Z,UPS-02,ups,T1,EMERGENCY-POWER,running,online,400,125.98,50,70,0.98,35,,,,,98.99,63.2,false,,,,,good,simulated
2026-07-15T01:00:00.000Z,GEN-01,generator,T1,EMERGENCY-POWER,standby,auto,0,0,50,0,0.98,0,87.98,29,0,26.2,,,,,,,,good,simulated
2026-07-15T01:00:00.000Z,GEN-02,generator,T1,EMERGENCY-POWER,standby,auto,0,0,50,0,0.98,0,87.98,29,0,26.2,,,,,,,,good,simulated
2026-07-15T01:00:00.000Z,ATS-01,ats,T1,EMERGENCY-POWER,running,auto,400,,,,,,,,,,,,,true,true,normal,,good,simulated
2026-07-15T01:00:00.000Z,UPS-01,ups,T1,EMERGENCY-POWER,running,online,400,117.5,50,70,0.98,35,,,,,98.21,63.2,false,,,,,good,simulated
2026-07-15T01:00:00.000Z,UPS-02,ups,T1,EMERGENCY-POWER,running,online,400,124.66,50,70,0.98,35,,,,,98.82,63.2,false,,,,,good,simulated
2026-07-15T01:10:00.000Z,GEN-01,generator,T1,EMERGENCY-POWER,standby,auto,0,0,50,0,0.98,0,87.97,29,0,26.2,,,,,,,,good,simulated
2026-07-15T01:10:00.000Z,GEN-02,generator,T1,EMERGENCY-POWER,standby,auto,0,0,50,0,0.98,0,87.97,29,0,26.2,,,,,,,,good,simulated
2026-07-15T01:10:00.000Z,ATS-01,ats,T1,EMERGENCY-POWER,running,auto,400,,,,,,,,,,,,,true,true,normal,,good,simulated
2026-07-15T01:10:00.000Z,UPS-01,ups,T1,EMERGENCY-POWER,running,online,400,121.73,50,70,0.98,35,,,,,98.66,63.2,false,,,,,good,simulated
2026-07-15T01:10:00.000Z,UPS-02,ups,T1,EMERGENCY-POWER,running,online,400,121.46,50,70,0.98,35,,,,,98.47,63.2,false,,,,,good,simulated
2026-07-15T01:20:00.000Z,GEN-01,generator,T1,EMERGENCY-POWER,standby,auto,0,0,50,0,0.98,0,87.97,29,0,26.2,,,,,,,,good,simulated
2026-07-15T01:20:00.000Z,GEN-02,generator,T1,EMERGENCY-POWER,standby,auto,0,0,50,0,0.98,0,87.97,29,0,26.2,,,,,,,,good,simulated
2026-07-15T01:20:00.000Z,ATS-01,ats,T1,EMERGENCY-POWER,running,auto,400,,,,,,,,,,,,,true,true,normal,,good,simulated
2026-07-15T01:20:00.000Z,UPS-01,ups,T1,EMERGENCY-POWER,running,online,400,114.72,50,70,0.98,35,,,,,97.96,63.2,false,,,,,good,simulated
2026-07-15T01:20:00.000Z,UPS-02,ups,T1,EMERGENCY-POWER,running,online,400,116.94,50,70,0.98,35,,,,,98.01,63.2,false,,,,,good,simulated
2026-07-15T01:30:00.000Z,GEN-01,generator,T1,EMERGENCY-POWER,standby,auto,0,0,50,0,0.98,0,87.96,29,0,26.2,,,,,,,,good,simulated
2026-07-15T01:30:00.000Z,GEN-02,generator,T1,EMERGENCY-POWER,standby,auto,0,0,50,0,0.98,0,87.96,29,0,26.2,,,,,,,,good,simulated
2026-07-15T01:30:00.000Z,ATS-01,ats,T1,EMERGENCY-POWER,running,auto,400,,,,,,,,,,,,,true,true,normal,,good,simulated
2026-07-15T01:30:00.000Z,UPS-01,ups,T1,EMERGENCY-POWER,running,online,400,119.58,50,70,0.98,35,,,,,98.43,63.2,false,,,,,good,simulated
2026-07-15T01:30:00.000Z,UPS-02,ups,T1,EMERGENCY-POWER,running,online,400,123.9,50,70,0.98,35,,,,,98.7,63.2,false,,,,,good,simulated
2026-07-15T01:40:00.000Z,GEN-01,generator,T1,EMERGENCY-POWER,standby,auto,0,0,50,0,0.98,0,87.96,29,0,26.2,,,,,,,,good,simulated
2026-07-15T01:40:00.000Z,GEN-02,generator,T1,EMERGENCY-POWER,standby,auto,0,0,50,0,0.98,0,87.96,29,0,26.2,,,,,,,,good,simulated
2026-07-15T01:40:00.000Z,ATS-01,ats,T1,EMERGENCY-POWER,running,auto,400,,,,,,,,,,,,,true,true,normal,,good,simulated
2026-07-15T01:40:00.000Z,UPS-01,ups,T1,EMERGENCY-POWER,running,online,400,123.45,50,70,0.98,35,,,,,98.8,63.2,false,,,,,good,simulated
2026-07-15T01:40:00.000Z,UPS-02,ups,T1,EMERGENCY-POWER,running,online,400,119.23,50,70,0.98,35,,,,,98.25,63.2,false,,,,,good,simulated
2026-07-15T01:50:00.000Z,GEN-01,generator,T1,EMERGENCY-POWER,standby,auto,0,0,50,0,0.98,0,87.96,29,0,26.2,,,,,,,,good,simulated
2026-07-15T01:50:00.000Z,GEN-02,generator,T1,EMERGENCY-POWER,standby,auto,0,0,50,0,0.98,0,87.96,29,0,26.2,,,,,,,,good,simulated
2026-07-15T01:50:00.000Z,ATS-01,ats,T1,EMERGENCY-POWER,running,auto,400,,,,,,,,,,,,,true,true,normal,,good,simulated
2026-07-15T01:50:00.000Z,UPS-01,ups,T1,EMERGENCY-POWER,running,online,400,125.66,50,70,0.98,35,,,,,98.98,63.2,false,,,,,good,simulated
2026-07-15T01:50:00.000Z,UPS-02,ups,T1,EMERGENCY-POWER,running,online,400,115.76,50,70,0.98,35,,,,,97.93,63.2,false,,,,,good,simulated
2026-07-15T02:00:00.000Z,GEN-01,generator,T1,EMERGENCY-POWER,standby,auto,0,0,50,0,0.98,0,87.95,29,0,26.2,,,,,,,,good,simulated
2026-07-15T02:00:00.000Z,GEN-02,generator,T1,EMERGENCY-POWER,standby,auto,0,0,50,0,0.98,0,87.95,29,0,26.2,,,,,,,,good,simulated
2026-07-15T02:00:00.000Z,ATS-01,ats,T1,EMERGENCY-POWER,running,auto,400,,,,,,,,,,,,,true,true,normal,,good,simulated
2026-07-15T02:00:00.000Z,UPS-01,ups,T1,EMERGENCY-POWER,running,online,400,125.81,50,70,0.98,35,,,,,98.96,63.2,false,,,,,good,simulated
2026-07-15T02:00:00.000Z,UPS-02,ups,T1,EMERGENCY-POWER,running,online,400,114.1,50,70,0.98,35,,,,,97.8,63.2,false,,,,,good,simulated
2026-07-15T02:10:00.000Z,GEN-01,generator,T1,EMERGENCY-POWER,standby,auto,0,0,50,0,0.98,0,87.95,29,0,26.2,,,,,,,,good,simulated
2026-07-15T02:10:00.000Z,GEN-02,generator,T1,EMERGENCY-POWER,standby,auto,0,0,50,0,0.98,0,87.95,29,0,26.2,,,,,,,,good,simulated
2026-07-15T02:10:00.000Z,ATS-01,ats,T1,EMERGENCY-POWER,running,auto,400,,,,,,,,,,,,,true,true,normal,,good,simulated
2026-07-15T02:10:00.000Z,UPS-01,ups,T1,EMERGENCY-POWER,running,online,400,123.87,50,70.01,0.98,35,,,,,98.73,63.2,false,,,,,good,simulated
2026-07-15T02:10:00.000Z,UPS-02,ups,T1,EMERGENCY-POWER,running,online,400,114.54,50,70.01,0.98,35,,,,,97.88,63.2,false,,,,,good,simulated
2026-07-15T02:20:00.000Z,GEN-01,generator,T1,EMERGENCY-POWER,standby,auto,0,0,50,0,0.98,0,87.94,29,0,26.2,,,,,,,,good,simulated
2026-07-15T02:20:00.000Z,GEN-02,generator,T1,EMERGENCY-POWER,standby,auto,0,0,50,0,0.98,0,87.94,29,0,26.2,,,,,,,,good,simulated
2026-07-15T02:20:00.000Z,ATS-01,ats,T1,EMERGENCY-POWER,running,auto,400,,,,,,,,,,,,,true,true,normal,,good,simulated
2026-07-15T02:20:00.000Z,UPS-01,ups,T1,EMERGENCY-POWER,running,online,400,120.2,50,70.01,0.98,35,,,,,98.34,63.2,false,,,,,good,simulated
2026-07-15T02:20:00.000Z,UPS-02,ups,T1,EMERGENCY-POWER,running,online,400,117.02,50,70.01,0.98,35,,,,,98.16,63.2,false,,,,,good,simulated
2026-07-15T02:30:00.000Z,GEN-01,generator,T1,EMERGENCY-POWER,standby,auto,0,0,50,0,0.98,0,87.94,29,0,26.2,,,,,,,,good,simulated
2026-07-15T02:30:00.000Z,GEN-02,generator,T1,EMERGENCY-POWER,standby,auto,0,0,50,0,0.98,0,87.94,29,0,26.2,,,,,,,,good,simulated
2026-07-15T02:30:00.000Z,ATS-01,ats,T1,EMERGENCY-POWER,running,auto,400,,,,,,,,,,,,,true,true,normal,,good,simulated
2026-07-15T02:30:00.000Z,UPS-01,ups,T1,EMERGENCY-POWER,running,online,400,115.44,50,70.02,0.98,35.01,,,,,97.85,63.2,false,,,,,good,simulated
2026-07-15T02:30:00.000Z,UPS-02,ups,T1,EMERGENCY-POWER,running,online,400,121.08,50,70.02,0.98,35.01,,,,,98.59,63.2,false,,,,,good,simulated
2026-07-15T02:40:00.000Z,GEN-01,generator,T1,EMERGENCY-POWER,standby,auto,0,0,50,0,0.98,0,87.94,29,0,26.2,,,,,,,,good,simulated
2026-07-15T02:40:00.000Z,GEN-02,generator,T1,EMERGENCY-POWER,standby,auto,0,0,50,0,0.98,0,87.94,29,0,26.2,,,,,,,,good,simulated
2026-07-15T02:40:00.000Z,ATS-01,ats,T1,EMERGENCY-POWER,running,auto,400,,,,,,,,,,,,,true,true,normal,,good,simulated
2026-07-15T02:40:00.000Z,UPS-01,ups,T1,EMERGENCY-POWER,running,online,400,122.43,50,70.02,0.98,35.01,,,,,98.56,63.19,false,,,,,good,simulated
2026-07-15T02:40:00.000Z,UPS-02,ups,T1,EMERGENCY-POWER,running,online,400,126.02,50,70.02,0.98,35.01,,,,,97.89,63.19,false,,,,,good,simulated
2026-07-15T02:50:00.000Z,GEN-01,generator,T1,EMERGENCY-POWER,standby,auto,0,0,50,0,0.98,0,87.93,29,0,26.2,,,,,,,,good,simulated
2026-07-15T02:50:00.000Z,GEN-02,generator,T1,EMERGENCY-POWER,standby,auto,0,0,50,0,0.98,0,87.93,29,0,26.2,,,,,,,,good,simulated
2026-07-15T02:50:00.000Z,ATS-01,ats,T1,EMERGENCY-POWER,running,auto,400,,,,,,,,,,,,,true,true,normal,,good,simulated
2026-07-15T02:50:00.000Z,UPS-01,ups,T1,EMERGENCY-POWER,running,online,400,118.06,50,70.03,0.98,35.02,,,,,98.14,63.19,false,,,,,good,simulated
2026-07-15T02:50:00.000Z,UPS-02,ups,T1,EMERGENCY-POWER,running,online,400,118.97,50,70.03,0.98,35.02,,,,,98.37,63.19,false,,,,,good,simulated
2026-07-15T03:00:00.000Z,GEN-01,generator,T1,EMERGENCY-POWER,standby,auto,0,0,50,0,0.98,0,87.93,29,0,26.2,,,,,,,,good,simulated
2026-07-15T03:00:00.000Z,GEN-02,generator,T1,EMERGENCY-POWER,standby,auto,0,0,50,0,0.98,0,87.93,29,0,26.2,,,,,,,,good,simulated
2026-07-15T03:00:00.000Z,ATS-01,ats,T1,EMERGENCY-POWER,running,auto,400,,,,,,,,,,,,,true,true,normal,,good,simulated
2026-07-15T03:00:00.000Z,UPS-01,ups,T1,EMERGENCY-POWER,running,online,400,115.12,50,70.05,0.98,35.02,,,,,97.87,63.18,false,,,,,good,simulated
2026-07-15T03:00:00.000Z,UPS-02,ups,T1,EMERGENCY-POWER,running,online,400,123.06,50,70.05,0.98,35.02,,,,,98.75,63.18,false,,,,,good,simulated
2026-07-15T03:10:00.000Z,GEN-01,generator,T1,EMERGENCY-POWER,standby,auto,0,0,50,0,0.98,0,87.92,29,0,26.2,,,,,,,,good,simulated
2026-07-15T03:10:00.000Z,GEN-02,generator,T1,EMERGENCY-POWER,standby,auto,0,0,50,0,0.98,0,87.92,29,0,26.2,,,,,,,,good,simulated
2026-07-15T03:10:00.000Z,ATS-01,ats,T1,EMERGENCY-POWER,running,auto,400,,,,,,,,,,,,,true,true,normal,,good,simulated
2026-07-15T03:10:00.000Z,UPS-01,ups,T1,EMERGENCY-POWER,running,online,400,114.12,50,70.07,0.98,35.03,,,,,97.8,63.18,false,,,,,good,simulated
2026-07-15T03:10:00.000Z,UPS-02,ups,T1,EMERGENCY-POWER,running,online,400,125.58,50,70.07,0.98,35.03,,,,,98.97,63.18,false,,,,,good,simulated
2026-07-15T03:20:00.000Z,GEN-01,generator,T1,EMERGENCY-POWER,standby,auto,0,0,50,0,0.98,0,87.92,29,0,26.2,,,,,,,,good,simulated
2026-07-15T03:20:00.000Z,GEN-02,generator,T1,EMERGENCY-POWER,standby,auto,0,0,50,0,0.98,0,87.92,29,0,26.2,,,,,,,,good,simulated
2026-07-15T03:20:00.000Z,ATS-01,ats,T1,EMERGENCY-POWER,running,auto,400,,,,,,,,,,,,,true,true,normal,,good,simulated
2026-07-15T03:20:00.000Z,UPS-01,ups,T1,EMERGENCY-POWER,running,online,400,115.25,50,70.11,0.98,35.05,,,,,97.95,63.17,false,,,,,good,simulated
2026-07-15T03:20:00.000Z,UPS-02,ups,T1,EMERGENCY-POWER,running,online,400,126.08,50,70.11,0.98,35.05,,,,,98.98,63.17,false,,,,,good,simulated
2026-07-15T03:30:00.000Z,GEN-01,generator,T1,EMERGENCY-POWER,standby,auto,0,0,50,0,0.98,0,87.92,29,0,26.2,,,,,,,,good,simulated
2026-07-15T03:30:00.000Z,GEN-02,generator,T1,EMERGENCY-POWER,standby,auto,0,0,50,0,0.98,0,87.92,29,0,26.2,,,,,,,,good,simulated
2026-07-15T03:30:00.000Z,ATS-01,ats,T1,EMERGENCY-POWER,running,auto,400,,,,,,,,,,,,,true,true,normal,,good,simulated
2026-07-15T03:30:00.000Z,UPS-01,ups,T1,EMERGENCY-POWER,running,online,400,118.34,50,70.15,0.98,35.07,,,,,98.28,63.15,false,,,,,good,simulated
2026-07-15T03:30:00.000Z,UPS-02,ups,T1,EMERGENCY-POWER,running,online,400,124.5,50,70.15,0.98,35.07,,,,,98.78,63.15,false,,,,,good,simulated
2026-07-15T03:40:00.000Z,GEN-01,generator,T1,EMERGENCY-POWER,standby,auto,0,0,50,0,0.98,0,87.91,29,0,26.2,,,,,,,,good,simulated
2026-07-15T03:40:00.000Z,GEN-02,generator,T1,EMERGENCY-POWER,standby,auto,0,0,50,0,0.98,0,87.91,29,0,26.2,,,,,,,,good,simulated
2026-07-15T03:40:00.000Z,ATS-01,ats,T1,EMERGENCY-POWER,running,auto,400,,,,,,,,,,,,,true,true,normal,,good,simulated
2026-07-15T03:40:00.000Z,UPS-01,ups,T1,EMERGENCY-POWER,running,online,400,122.84,50,70.21,0.98,35.1,,,,,98.74,63.13,false,,,,,good,simulated
2026-07-15T03:40:00.000Z,UPS-02,ups,T1,EMERGENCY-POWER,running,online,400,121.14,50,70.21,0.98,35.1,,,,,98.41,63.13,false,,,,,good,simulated
2026-07-15T03:50:00.000Z,GEN-01,generator,T1,EMERGENCY-POWER,standby,auto,0,0,50,0,0.98,0,87.91,29,0,26.2,,,,,,,,good,simulated
2026-07-15T03:50:00.000Z,GEN-02,generator,T1,EMERGENCY-POWER,standby,auto,0,0,50,0,0.98,0,87.91,29,0,26.2,,,,,,,,good,simulated
2026-07-15T03:50:00.000Z,ATS-01,ats,T1,EMERGENCY-POWER,running,auto,400,,,,,,,,,,,,,true,true,normal,,good,simulated
2026-07-15T03:50:00.000Z,UPS-01,ups,T1,EMERGENCY-POWER,running,online,400,116,50,70.29,0.98,35.14,,,,,98.04,63.11,false,,,,,good,simulated
2026-07-15T03:50:00.000Z,UPS-02,ups,T1,EMERGENCY-POWER,running,online,400,116.6,50,70.29,0.98,35.14,,,,,97.93,63.11,false,,,,,good,simulated
2026-07-15T04:00:00.000Z,GEN-01,generator,T1,EMERGENCY-POWER,standby,auto,0,0,50,0,0.98,0,87.9,29,0,26.2,,,,,,,,good,simulated
2026-07-15T04:00:00.000Z,GEN-02,generator,T1,EMERGENCY-POWER,standby,auto,0,0,50,0,0.98,0,87.9,29,0,26.2,,,,,,,,good,simulated
2026-07-15T04:00:00.000Z,ATS-01,ats,T1,EMERGENCY-POWER,running,auto,400,,,,,,,,,,,,,true,true,normal,,good,simulated
2026-07-15T04:00:00.000Z,UPS-01,ups,T1,EMERGENCY-POWER,running,online,400,120.93,50,70.4,0.98,35.19,,,,,98.5,63.07,false,,,,,good,simulated
2026-07-15T04:00:00.000Z,UPS-02,ups,T1,EMERGENCY-POWER,running,online,400,123.73,50,70.4,0.98,35.19,,,,,98.62,63.07,false,,,,,good,simulated
2026-07-15T04:10:00.000Z,GEN-01,generator,T1,EMERGENCY-POWER,standby,auto,0,0,50,0,0.98,0,87.9,29,0,26.2,,,,,,,,good,simulated
2026-07-15T04:10:00.000Z,GEN-02,generator,T1,EMERGENCY-POWER,standby,auto,0,0,50,0,0.98,0,87.9,29,0,26.2,,,,,,,,good,simulated
2026-07-15T04:10:00.000Z,ATS-01,ats,T1,EMERGENCY-POWER,running,auto,400,,,,,,,,,,,,,true,true,normal,,good,simulated
2026-07-15T04:10:00.000Z,UPS-01,ups,T1,EMERGENCY-POWER,running,online,400,124.8,50,70.54,0.98,35.25,,,,,98.84,63.03,false,,,,,good,simulated
2026-07-15T04:10:00.000Z,UPS-02,ups,T1,EMERGENCY-POWER,running,online,400,119.43,50,70.54,0.98,35.25,,,,,98.19,63.03,false,,,,,good,simulated
2026-07-15T04:20:00.000Z,GEN-01,generator,T1,EMERGENCY-POWER,standby,auto,0,0,50,0,0.98,0,87.9,29,0,26.2,,,,,,,,good,simulated
2026-07-15T04:20:00.000Z,GEN-02,generator,T1,EMERGENCY-POWER,standby,auto,0,0,50,0,0.98,0,87.9,29,0,26.2,,,,,,,,good,simulated
2026-07-15T04:20:00.000Z,ATS-01,ats,T1,EMERGENCY-POWER,running,auto,400,,,,,,,,,,,,,true,true,normal,,good,simulated
2026-07-15T04:20:00.000Z,UPS-01,ups,T1,EMERGENCY-POWER,running,online,400,126.98,50,70.73,0.98,35.34,,,,,98.99,62.97,false,,,,,good,simulated
2026-07-15T04:20:00.000Z,UPS-02,ups,T1,EMERGENCY-POWER,running,online,400,116.52,50,70.73,0.98,35.34,,,,,97.9,62.97,false,,,,,good,simulated
2026-07-15T04:30:00.000Z,GEN-01,generator,T1,EMERGENCY-POWER,standby,auto,0,0,50,0,0.98,0,87.89,29,0,26.2,,,,,,,,good,simulated
2026-07-15T04:30:00.000Z,GEN-02,generator,T1,EMERGENCY-POWER,standby,auto,0,0,50,0,0.98,0,87.89,29,0,26.2,,,,,,,,good,simulated
2026-07-15T04:30:00.000Z,ATS-01,ats,T1,EMERGENCY-POWER,running,auto,400,,,,,,,,,,,,,true,true,normal,,good,simulated
2026-07-15T04:30:00.000Z,UPS-01,ups,T1,EMERGENCY-POWER,running,online,400,127.16,50,70.96,0.98,35.45,,,,,98.94,62.89,false,,,,,good,simulated
2026-07-15T04:30:00.000Z,UPS-02,ups,T1,EMERGENCY-POWER,running,online,400,115.56,50,70.96,0.98,35.45,,,,,97.8,62.89,false,,,,,good,simulated
2026-07-15T04:40:00.000Z,GEN-01,generator,T1,EMERGENCY-POWER,standby,auto,0,0,50,0,0.98,0,87.89,29,0,26.2,,,,,,,,good,simulated
2026-07-15T04:40:00.000Z,GEN-02,generator,T1,EMERGENCY-POWER,standby,auto,0,0,50,0,0.98,0,87.89,29,0,26.2,,,,,,,,good,simulated
2026-07-15T04:40:00.000Z,ATS-01,ats,T1,EMERGENCY-POWER,running,auto,400,,,,,,,,,,,,,true,true,normal,,good,simulated
2026-07-15T04:40:00.000Z,UPS-01,ups,T1,EMERGENCY-POWER,running,online,400,125.39,50,71.26,0.98,35.59,,,,,98.68,62.8,false,,,,,good,simulated
2026-07-15T04:40:00.000Z,UPS-02,ups,T1,EMERGENCY-POWER,running,online,400,116.82,50,71.26,0.98,35.59,,,,,97.91,62.8,false,,,,,good,simulated
2026-07-15T04:50:00.000Z,GEN-01,generator,T1,EMERGENCY-POWER,standby,auto,0,0,50,0,0.98,0,87.88,29,0,26.2,,,,,,,,good,simulated
2026-07-15T04:50:00.000Z,GEN-02,generator,T1,EMERGENCY-POWER,standby,auto,0,0,50,0,0.98,0,87.88,29,0,26.2,,,,,,,,good,simulated
2026-07-15T04:50:00.000Z,ATS-01,ats,T1,EMERGENCY-POWER,running,auto,400,,,,,,,,,,,,,true,true,normal,,good,simulated
2026-07-15T04:50:00.000Z,UPS-01,ups,T1,EMERGENCY-POWER,running,online,400,122.08,50,71.63,0.98,35.76,,,,,98.27,62.68,false,,,,,good,simulated
2026-07-15T04:50:00.000Z,UPS-02,ups,T1,EMERGENCY-POWER,running,online,400,120.17,50,71.63,0.98,35.76,,,,,98.22,62.68,false,,,,,good,simulated
2026-07-15T05:00:00.000Z,GEN-01,generator,T1,EMERGENCY-POWER,standby,auto,0,0,50,0,0.98,0,87.88,29,0,26.2,,,,,,,,good,simulated
2026-07-15T05:00:00.000Z,GEN-02,generator,T1,EMERGENCY-POWER,standby,auto,0,0,50,0,0.98,0,87.88,29,0,26.2,,,,,,,,good,simulated
2026-07-15T05:00:00.000Z,ATS-01,ats,T1,EMERGENCY-POWER,running,auto,400,,,,,,,,,,,,,true,true,normal,,good,simulated
2026-07-15T05:00:00.000Z,UPS-01,ups,T1,EMERGENCY-POWER,running,online,400,117.94,50,72.09,0.98,35.97,,,,,98.97,62.53,false,,,,,good,simulated
2026-07-15T05:00:00.000Z,UPS-02,ups,T1,EMERGENCY-POWER,running,online,400,125.15,50,72.09,0.98,35.97,,,,,98.66,62.53,false,,,,,good,simulated
2026-07-15T05:10:00.000Z,GEN-01,generator,T1,EMERGENCY-POWER,standby,auto,0,0,50,0,0.98,0,87.88,29,0,26.2,,,,,,,,good,simulated
2026-07-15T05:10:00.000Z,GEN-02,generator,T1,EMERGENCY-POWER,standby,auto,0,0,50,0,0.98,0,87.88,29,0,26.2,,,,,,,,good,simulated
2026-07-15T05:10:00.000Z,ATS-01,ats,T1,EMERGENCY-POWER,running,auto,400,,,,,,,,,,,,,true,true,normal,,good,simulated
2026-07-15T05:10:00.000Z,UPS-01,ups,T1,EMERGENCY-POWER,running,online,400,125.85,50,72.64,0.98,36.23,,,,,98.48,62.35,false,,,,,good,simulated
2026-07-15T05:10:00.000Z,UPS-02,ups,T1,EMERGENCY-POWER,running,online,400,119.03,50,72.64,0.98,36.23,,,,,97.97,62.35,false,,,,,good,simulated
2026-07-15T05:20:00.000Z,GEN-01,generator,T1,EMERGENCY-POWER,standby,auto,0,0,50,0,0.98,0,87.87,29,0,26.2,,,,,,,,good,simulated
2026-07-15T05:20:00.000Z,GEN-02,generator,T1,EMERGENCY-POWER,standby,auto,0,0,50,0,0.98,0,87.87,29,0,26.2,,,,,,,,good,simulated
2026-07-15T05:20:00.000Z,ATS-01,ats,T1,EMERGENCY-POWER,running,auto,400,,,,,,,,,,,,,true,true,normal,,good,simulated
2026-07-15T05:20:00.000Z,UPS-01,ups,T1,EMERGENCY-POWER,running,online,400,122.71,50,73.31,0.98,36.54,,,,,98.08,62.14,false,,,,,good,simulated
2026-07-15T05:20:00.000Z,UPS-02,ups,T1,EMERGENCY-POWER,running,online,400,124.94,50,73.31,0.98,36.54,,,,,98.44,62.14,false,,,,,good,simulated
2026-07-15T05:30:00.000Z,GEN-01,generator,T1,EMERGENCY-POWER,standby,auto,0,0,50,0,0.98,0,87.87,29,0,26.2,,,,,,,,good,simulated
2026-07-15T05:30:00.000Z,GEN-02,generator,T1,EMERGENCY-POWER,standby,auto,0,0,50,0,0.98,0,87.87,29,0,26.2,,,,,,,,good,simulated
2026-07-15T05:30:00.000Z,ATS-01,ats,T1,EMERGENCY-POWER,running,auto,400,,,,,,,,,,,,,true,true,normal,,good,simulated
2026-07-15T05:30:00.000Z,UPS-01,ups,T1,EMERGENCY-POWER,running,online,400,147.67,50,90.59,0.98,44.61,,,,,97.85,56.61,false,,,,,good,simulated
2026-07-15T05:30:00.000Z,UPS-02,ups,T1,EMERGENCY-POWER,running,online,400,156.44,50,90.59,0.98,44.61,,,,,98.8,56.61,false,,,,,good,simulated
2026-07-15T05:40:00.000Z,GEN-01,generator,T1,EMERGENCY-POWER,standby,auto,0,0,50,0,0.98,0,87.86,29,0,26.2,,,,,,,,good,simulated
2026-07-15T05:40:00.000Z,GEN-02,generator,T1,EMERGENCY-POWER,standby,auto,0,0,50,0,0.98,0,87.86,29,0,26.2,,,,,,,,good,simulated
2026-07-15T05:40:00.000Z,ATS-01,ats,T1,EMERGENCY-POWER,running,auto,400,,,,,,,,,,,,,true,true,normal,,good,simulated
2026-07-15T05:40:00.000Z,UPS-01,ups,T1,EMERGENCY-POWER,running,online,400,148.43,50,91.5,0.98,45.03,,,,,97.81,56.32,false,,,,,good,simulated
2026-07-15T05:40:00.000Z,UPS-02,ups,T1,EMERGENCY-POWER,running,online,400,160.07,50,91.5,0.98,45.03,,,,,98.98,56.32,false,,,,,good,simulated
2026-07-15T05:50:00.000Z,GEN-01,generator,T1,EMERGENCY-POWER,standby,auto,0,0,50,0,0.98,0,87.86,29,0,26.2,,,,,,,,good,simulated
2026-07-15T05:50:00.000Z,GEN-02,generator,T1,EMERGENCY-POWER,standby,auto,0,0,50,0,0.98,0,87.86,29,0,26.2,,,,,,,,good,simulated
2026-07-15T05:50:00.000Z,ATS-01,ats,T1,EMERGENCY-POWER,running,auto,400,,,,,,,,,,,,,true,true,normal,,good,simulated
2026-07-15T05:50:00.000Z,UPS-01,ups,T1,EMERGENCY-POWER,running,online,400,151.51,50,92.54,0.98,45.52,,,,,97.99,55.99,false,,,,,good,simulated
2026-07-15T05:50:00.000Z,UPS-02,ups,T1,EMERGENCY-POWER,running,online,400,161.85,50,92.54,0.98,45.52,,,,,98.96,55.99,false,,,,,good,simulated
2026-07-15T06:00:00.000Z,GEN-01,generator,T1,EMERGENCY-POWER,standby,auto,0,0,50,0,0.98,0,87.86,29,0,26.2,,,,,,,,good,simulated
2026-07-15T06:00:00.000Z,GEN-02,generator,T1,EMERGENCY-POWER,standby,auto,0,0,50,0,0.98,0,87.86,29,0,26.2,,,,,,,,good,simulated
2026-07-15T06:00:00.000Z,ATS-01,ats,T1,EMERGENCY-POWER,running,auto,400,,,,,,,,,,,,,true,true,normal,,good,simulated
2026-07-15T06:00:00.000Z,UPS-01,ups,T1,EMERGENCY-POWER,running,online,400,156.68,50,93.72,0.98,46.07,,,,,98.35,55.61,false,,,,,good,simulated
2026-07-15T06:00:00.000Z,UPS-02,ups,T1,EMERGENCY-POWER,running,online,400,161.76,50,93.72,0.98,46.07,,,,,98.73,55.61,false,,,,,good,simulated
2026-07-15T06:10:00.000Z,GEN-01,generator,T1,EMERGENCY-POWER,standby,auto,0,0,50,0,0.98,0,87.85,29.17,0,26.2,,,,,,,,good,simulated
2026-07-15T06:10:00.000Z,GEN-02,generator,T1,EMERGENCY-POWER,standby,auto,0,0,50,0,0.98,0,87.85,29.17,0,26.2,,,,,,,,good,simulated
2026-07-15T06:10:00.000Z,ATS-01,ats,T1,EMERGENCY-POWER,running,auto,400,,,,,,,,,,,,,true,true,normal,,good,simulated
2026-07-15T06:10:00.000Z,UPS-01,ups,T1,EMERGENCY-POWER,running,online,400,163.33,50,95.02,0.98,46.68,,,,,98.82,55.19,false,,,,,good,simulated
2026-07-15T06:10:00.000Z,UPS-02,ups,T1,EMERGENCY-POWER,running,online,400,160.15,50,95.02,0.98,46.68,,,,,98.33,55.19,false,,,,,good,simulated
2026-07-15T06:20:00.000Z,GEN-01,generator,T1,EMERGENCY-POWER,standby,auto,0,0,50,0,0.98,0,87.85,29.35,0,26.2,,,,,,,,good,simulated
2026-07-15T06:20:00.000Z,GEN-02,generator,T1,EMERGENCY-POWER,standby,auto,0,0,50,0,0.98,0,87.85,29.35,0,26.2,,,,,,,,good,simulated
2026-07-15T06:20:00.000Z,ATS-01,ats,T1,EMERGENCY-POWER,running,auto,400,,,,,,,,,,,,,true,true,normal,,good,simulated
2026-07-15T06:20:00.000Z,UPS-01,ups,T1,EMERGENCY-POWER,running,online,400,158.66,50,96.45,0.98,47.34,,,,,98.12,54.74,false,,,,,good,simulated
2026-07-15T06:20:00.000Z,UPS-02,ups,T1,EMERGENCY-POWER,running,online,400,157.65,50,96.45,0.98,47.34,,,,,97.84,54.74,false,,,,,good,simulated
2026-07-15T06:30:00.000Z,GEN-01,generator,T1,EMERGENCY-POWER,standby,auto,0,0,50,0,0.98,0,87.84,29.52,0,26.2,,,,,,,,good,simulated
2026-07-15T06:30:00.000Z,GEN-02,generator,T1,EMERGENCY-POWER,standby,auto,0,0,50,0,0.98,0,87.84,29.52,0,26.2,,,,,,,,good,simulated
2026-07-15T06:30:00.000Z,ATS-01,ats,T1,EMERGENCY-POWER,running,auto,400,,,,,,,,,,,,,true,true,normal,,good,simulated
2026-07-15T06:30:00.000Z,UPS-01,ups,T1,EMERGENCY-POWER,running,online,400,165.75,50,97.99,0.98,48.06,,,,,98.57,54.24,false,,,,,good,simulated
2026-07-15T06:30:00.000Z,UPS-02,ups,T1,EMERGENCY-POWER,running,online,400,167.09,50,97.99,0.98,48.06,,,,,98.55,54.24,false,,,,,good,simulated
2026-07-15T06:40:00.000Z,GEN-01,generator,T1,EMERGENCY-POWER,standby,auto,0,0,50,0,0.98,0,87.84,29.69,0,26.2,,,,,,,,good,simulated
2026-07-15T06:40:00.000Z,GEN-02,generator,T1,EMERGENCY-POWER,standby,auto,0,0,50,0,0.98,0,87.84,29.69,0,26.2,,,,,,,,good,simulated
2026-07-15T06:40:00.000Z,ATS-01,ats,T1,EMERGENCY-POWER,running,auto,400,,,,,,,,,,,,,true,true,normal,,good,simulated
2026-07-15T06:40:00.000Z,UPS-01,ups,T1,EMERGENCY-POWER,running,online,400,171.74,50,99.61,0.98,48.82,,,,,98.88,53.73,false,,,,,good,simulated
2026-07-15T06:40:00.000Z,UPS-02,ups,T1,EMERGENCY-POWER,running,online,400,165.31,50,99.61,0.98,48.82,,,,,98.13,53.73,false,,,,,good,simulated
2026-07-15T06:50:00.000Z,GEN-01,generator,T1,EMERGENCY-POWER,standby,auto,0,0,50,0,0.98,0,87.84,29.87,0,26.2,,,,,,,,good,simulated
2026-07-15T06:50:00.000Z,GEN-02,generator,T1,EMERGENCY-POWER,standby,auto,0,0,50,0,0.98,0,87.84,29.87,0,26.2,,,,,,,,good,simulated
2026-07-15T06:50:00.000Z,ATS-01,ats,T1,EMERGENCY-POWER,running,auto,400,,,,,,,,,,,,,true,true,normal,,good,simulated
2026-07-15T06:50:00.000Z,UPS-01,ups,T1,EMERGENCY-POWER,running,online,400,175.99,50,101.29,0.98,49.6,,,,,99,53.19,false,,,,,good,simulated
2026-07-15T06:50:00.000Z,UPS-02,ups,T1,EMERGENCY-POWER,running,online,400,165.06,50,101.29,0.98,49.6,,,,,97.87,53.19,false,,,,,good,simulated
2026-07-15T07:00:00.000Z,GEN-01,generator,T1,EMERGENCY-POWER,standby,auto,0,0,50,0,0.98,0,87.83,30.04,0,26.2,,,,,,,,good,simulated
2026-07-15T07:00:00.000Z,GEN-02,generator,T1,EMERGENCY-POWER,standby,auto,0,0,50,0,0.98,0,87.83,30.04,0,26.2,,,,,,,,good,simulated
2026-07-15T07:00:00.000Z,ATS-01,ats,T1,EMERGENCY-POWER,running,auto,400,,,,,,,,,,,,,true,true,normal,,good,simulated
2026-07-15T07:00:00.000Z,UPS-01,ups,T1,EMERGENCY-POWER,running,online,400,178.18,50,102.99,0.98,50.4,,,,,98.91,52.64,false,,,,,good,simulated
2026-07-15T07:00:00.000Z,UPS-02,ups,T1,EMERGENCY-POWER,running,online,400,166.79,50,102.99,0.98,50.4,,,,,97.8,52.64,false,,,,,good,simulated
2026-07-15T07:10:00.000Z,GEN-01,generator,T1,EMERGENCY-POWER,standby,auto,0,0,50,0,0.98,0,87.83,30.2,0,26.2,,,,,,,,good,simulated
2026-07-15T07:10:00.000Z,GEN-02,generator,T1,EMERGENCY-POWER,standby,auto,0,0,50,0,0.98,0,87.83,30.2,0,26.2,,,,,,,,good,simulated
2026-07-15T07:10:00.000Z,ATS-01,ats,T1,EMERGENCY-POWER,running,auto,400,,,,,,,,,,,,,true,true,normal,,good,simulated
2026-07-15T07:10:00.000Z,UPS-01,ups,T1,EMERGENCY-POWER,running,online,400,178.33,50,104.68,0.98,51.18,,,,,98.62,52.1,false,,,,,good,simulated
2026-07-15T07:10:00.000Z,UPS-02,ups,T1,EMERGENCY-POWER,running,online,400,170.61,50,104.68,0.98,51.18,,,,,97.95,52.1,false,,,,,good,simulated
2026-07-15T07:20:00.000Z,GEN-01,generator,T1,EMERGENCY-POWER,standby,auto,0,0,50,0,0.98,0,87.82,30.37,0,26.2,,,,,,,,good,simulated
2026-07-15T07:20:00.000Z,GEN-02,generator,T1,EMERGENCY-POWER,standby,auto,0,0,50,0,0.98,0,87.82,30.37,0,26.2,,,,,,,,good,simulated
2026-07-15T07:20:00.000Z,ATS-01,ats,T1,EMERGENCY-POWER,running,auto,400,,,,,,,,,,,,,true,true,normal,,good,simulated
2026-07-15T07:20:00.000Z,UPS-01,ups,T1,EMERGENCY-POWER,running,online,400,176.83,50,106.32,0.98,51.95,,,,,98.19,51.58,false,,,,,good,simulated
2026-07-15T07:20:00.000Z,UPS-02,ups,T1,EMERGENCY-POWER,running,online,400,176.27,50,106.32,0.98,51.95,,,,,98.29,51.58,false,,,,,good,simulated
2026-07-15T07:30:00.000Z,GEN-01,generator,T1,EMERGENCY-POWER,standby,auto,0,0,50,0,0.98,0,87.82,30.53,0,26.2,,,,,,,,good,simulated
2026-07-15T07:30:00.000Z,GEN-02,generator,T1,EMERGENCY-POWER,standby,auto,0,0,50,0,0.98,0,87.82,30.53,0,26.2,,,,,,,,good,simulated
2026-07-15T07:30:00.000Z,ATS-01,ats,T1,EMERGENCY-POWER,running,auto,400,,,,,,,,,,,,,true,true,normal,,good,simulated
2026-07-15T07:30:00.000Z,UPS-01,ups,T1,EMERGENCY-POWER,running,online,400,186.34,50,107.85,0.98,52.66,,,,,98.89,51.09,false,,,,,good,simulated
2026-07-15T07:30:00.000Z,UPS-02,ups,T1,EMERGENCY-POWER,running,online,400,183.15,50,107.85,0.98,52.66,,,,,98.74,51.09,false,,,,,good,simulated
2026-07-15T07:40:00.000Z,GEN-01,generator,T1,EMERGENCY-POWER,standby,auto,0,0,50,0,0.98,0,87.82,30.69,0,26.2,,,,,,,,good,simulated
2026-07-15T07:40:00.000Z,GEN-02,generator,T1,EMERGENCY-POWER,standby,auto,0,0,50,0,0.98,0,87.82,30.69,0,26.2,,,,,,,,good,simulated
2026-07-15T07:40:00.000Z,ATS-01,ats,T1,EMERGENCY-POWER,running,auto,400,,,,,,,,,,,,,true,true,normal,,good,simulated
2026-07-15T07:40:00.000Z,UPS-01,ups,T1,EMERGENCY-POWER,running,online,400,183.65,50,109.24,0.98,53.31,,,,,98.41,50.64,false,,,,,good,simulated
2026-07-15T07:40:00.000Z,UPS-02,ups,T1,EMERGENCY-POWER,running,online,400,178.4,50,109.24,0.98,53.31,,,,,98.05,50.64,false,,,,,good,simulated
2026-07-15T07:50:00.000Z,GEN-01,generator,T1,EMERGENCY-POWER,standby,auto,0,0,50,0,0.98,0,87.81,30.85,0,26.2,,,,,,,,good,simulated
2026-07-15T07:50:00.000Z,GEN-02,generator,T1,EMERGENCY-POWER,standby,auto,0,0,50,0,0.98,0,87.81,30.85,0,26.2,,,,,,,,good,simulated
2026-07-15T07:50:00.000Z,ATS-01,ats,T1,EMERGENCY-POWER,running,auto,400,,,,,,,,,,,,,true,true,normal,,good,simulated
2026-07-15T07:50:00.000Z,UPS-01,ups,T1,EMERGENCY-POWER,running,online,400,181.58,50,110.45,0.98,53.88,,,,,98.03,50.26,false,,,,,good,simulated
2026-07-15T07:50:00.000Z,UPS-02,ups,T1,EMERGENCY-POWER,running,online,400,185.08,50,110.45,0.98,53.88,,,,,98.51,50.26,false,,,,,good,simulated
2026-07-15T08:00:00.000Z,GEN-01,generator,T1,EMERGENCY-POWER,standby,auto,0,0,50,0,0.98,0,87.81,31,0,26.2,,,,,,,,good,simulated
2026-07-15T08:00:00.000Z,GEN-02,generator,T1,EMERGENCY-POWER,standby,auto,0,0,50,0,0.98,0,87.81,31,0,26.2,,,,,,,,good,simulated
2026-07-15T08:00:00.000Z,ATS-01,ats,T1,EMERGENCY-POWER,running,auto,400,,,,,,,,,,,,,true,true,normal,,good,simulated
2026-07-15T08:00:00.000Z,UPS-01,ups,T1,EMERGENCY-POWER,running,online,400,180.76,50,111.43,0.98,54.33,,,,,97.83,49.94,false,,,,,good,simulated
2026-07-15T08:00:00.000Z,UPS-02,ups,T1,EMERGENCY-POWER,running,online,400,190.27,50,111.43,0.98,54.33,,,,,98.84,49.94,false,,,,,good,simulated
2026-07-15T08:10:00.000Z,GEN-01,generator,T1,EMERGENCY-POWER,standby,auto,0,0,50,0,0.98,0,87.8,31.15,0,26.2,,,,,,,,good,simulated
2026-07-15T08:10:00.000Z,GEN-02,generator,T1,EMERGENCY-POWER,standby,auto,0,0,50,0,0.98,0,87.8,31.15,0,26.2,,,,,,,,good,simulated
2026-07-15T08:10:00.000Z,ATS-01,ats,T1,EMERGENCY-POWER,running,auto,400,,,,,,,,,,,,,true,true,normal,,good,simulated
2026-07-15T08:10:00.000Z,UPS-01,ups,T1,EMERGENCY-POWER,running,online,400,181.57,50,112.15,0.98,54.67,,,,,97.83,49.71,false,,,,,good,simulated
2026-07-15T08:10:00.000Z,UPS-02,ups,T1,EMERGENCY-POWER,running,online,400,193.28,50,112.15,0.98,54.67,,,,,98.99,49.71,false,,,,,good,simulated
2026-07-15T08:20:00.000Z,GEN-01,generator,T1,EMERGENCY-POWER,standby,auto,0,0,50,0,0.98,0,87.8,31.29,0,26.2,,,,,,,,good,simulated
2026-07-15T08:20:00.000Z,GEN-02,generator,T1,EMERGENCY-POWER,standby,auto,0,0,50,0,0.98,0,87.8,31.29,0,26.2,,,,,,,,good,simulated
2026-07-15T08:20:00.000Z,ATS-01,ats,T1,EMERGENCY-POWER,running,auto,400,,,,,,,,,,,,,true,true,normal,,good,simulated
2026-07-15T08:20:00.000Z,UPS-01,ups,T1,EMERGENCY-POWER,running,online,400,184.02,50,112.6,0.98,54.88,,,,,98.04,49.57,false,,,,,good,simulated
2026-07-15T08:20:00.000Z,UPS-02,ups,T1,EMERGENCY-POWER,running,online,400,193.76,50,112.6,0.98,54.88,,,,,98.93,49.57,false,,,,,good,simulated
2026-07-15T08:30:00.000Z,GEN-01,generator,T1,EMERGENCY-POWER,standby,auto,0,0,50,0,0.98,0,87.8,31.44,0,26.2,,,,,,,,good,simulated
2026-07-15T08:30:00.000Z,GEN-02,generator,T1,EMERGENCY-POWER,standby,auto,0,0,50,0,0.98,0,87.8,31.44,0,26.2,,,,,,,,good,simulated
2026-07-15T08:30:00.000Z,ATS-01,ats,T1,EMERGENCY-POWER,running,auto,400,,,,,,,,,,,,,true,true,normal,,good,simulated
2026-07-15T08:30:00.000Z,UPS-01,ups,T1,EMERGENCY-POWER,running,online,400,187.8,50,112.75,0.98,54.95,,,,,98.42,49.52,false,,,,,good,simulated
2026-07-15T08:30:00.000Z,UPS-02,ups,T1,EMERGENCY-POWER,running,online,400,191.72,50,112.75,0.98,54.95,,,,,98.67,49.52,false,,,,,good,simulated
2026-07-15T08:40:00.000Z,GEN-01,generator,T1,EMERGENCY-POWER,standby,auto,0,0,50,0,0.98,0,87.79,31.57,0,26.2,,,,,,,,good,simulated
2026-07-15T08:40:00.000Z,GEN-02,generator,T1,EMERGENCY-POWER,standby,auto,0,0,50,0,0.98,0,87.79,31.57,0,26.2,,,,,,,,good,simulated
2026-07-15T08:40:00.000Z,ATS-01,ats,T1,EMERGENCY-POWER,running,auto,400,,,,,,,,,,,,,true,true,normal,,good,simulated
2026-07-15T08:40:00.000Z,UPS-01,ups,T1,EMERGENCY-POWER,running,online,400,192.26,50,112.6,0.98,54.88,,,,,98.9,49.57,false,,,,,good,simulated
2026-07-15T08:40:00.000Z,UPS-02,ups,T1,EMERGENCY-POWER,running,online,400,187.55,50,112.6,0.98,54.88,,,,,98.26,49.57,false,,,,,good,simulated
2026-07-15T08:50:00.000Z,GEN-01,generator,T1,EMERGENCY-POWER,standby,auto,0,0,50,0,0.98,0,87.79,31.7,0,26.2,,,,,,,,good,simulated
2026-07-15T08:50:00.000Z,GEN-02,generator,T1,EMERGENCY-POWER,standby,auto,0,0,50,0,0.98,0,87.79,31.7,0,26.2,,,,,,,,good,simulated
2026-07-15T08:50:00.000Z,ATS-01,ats,T1,EMERGENCY-POWER,running,auto,400,,,,,,,,,,,,,true,true,normal,,good,simulated
2026-07-15T08:50:00.000Z,UPS-01,ups,T1,EMERGENCY-POWER,running,online,400,184.58,50,112.15,0.98,54.67,,,,,98.2,49.71,false,,,,,good,simulated
2026-07-15T08:50:00.000Z,UPS-02,ups,T1,EMERGENCY-POWER,running,online,400,181.96,50,112.15,0.98,54.67,,,,,98.96,49.71,false,,,,,good,simulated
2026-07-15T09:00:00.000Z,GEN-01,generator,T1,EMERGENCY-POWER,standby,auto,0,0,50,0,0.98,0,87.78,31.83,0,26.2,,,,,,,,good,simulated
2026-07-15T09:00:00.000Z,GEN-02,generator,T1,EMERGENCY-POWER,standby,auto,0,0,50,0,0.98,0,87.78,31.83,0,26.2,,,,,,,,good,simulated
2026-07-15T09:00:00.000Z,ATS-01,ats,T1,EMERGENCY-POWER,running,auto,400,,,,,,,,,,,,,true,true,normal,,good,simulated
2026-07-15T09:00:00.000Z,UPS-01,ups,T1,EMERGENCY-POWER,running,online,400,187.9,50,111.43,0.98,54.33,,,,,98.63,49.94,false,,,,,good,simulated
2026-07-15T09:00:00.000Z,UPS-02,ups,T1,EMERGENCY-POWER,running,online,400,187.82,50,111.43,0.98,54.33,,,,,98.47,49.94,false,,,,,good,simulated
2026-07-15T09:10:00.000Z,GEN-01,generator,T1,EMERGENCY-POWER,standby,auto,0,0,50,0,0.98,0,87.78,31.95,0,26.2,,,,,,,,good,simulated
2026-07-15T09:10:00.000Z,GEN-02,generator,T1,EMERGENCY-POWER,standby,auto,0,0,50,0,0.98,0,87.78,31.95,0,26.2,,,,,,,,good,simulated
2026-07-15T09:10:00.000Z,ATS-01,ats,T1,EMERGENCY-POWER,running,auto,400,,,,,,,,,,,,,true,true,normal,,good,simulated
2026-07-15T09:10:00.000Z,UPS-01,ups,T1,EMERGENCY-POWER,running,online,400,189.47,50,110.45,0.98,53.88,,,,,98.91,50.26,false,,,,,good,simulated
2026-07-15T09:10:00.000Z,UPS-02,ups,T1,EMERGENCY-POWER,running,online,400,182.07,50,110.45,0.98,53.88,,,,,98.08,50.26,false,,,,,good,simulated
2026-07-15T09:20:00.000Z,GEN-01,generator,T1,EMERGENCY-POWER,standby,auto,0,0,50,0,0.98,0,87.78,32.06,0,26.2,,,,,,,,good,simulated
2026-07-15T09:20:00.000Z,GEN-02,generator,T1,EMERGENCY-POWER,standby,auto,0,0,50,0,0.98,0,87.78,32.06,0,26.2,,,,,,,,good,simulated
2026-07-15T09:20:00.000Z,ATS-01,ats,T1,EMERGENCY-POWER,running,auto,400,,,,,,,,,,,,,true,true,normal,,good,simulated
2026-07-15T09:20:00.000Z,UPS-01,ups,T1,EMERGENCY-POWER,running,online,400,188.78,50,109.24,0.98,53.31,,,,,99,50.64,false,,,,,good,simulated
2026-07-15T09:20:00.000Z,UPS-02,ups,T1,EMERGENCY-POWER,running,online,400,177.48,50,109.24,0.98,53.31,,,,,97.84,50.64,false,,,,,good,simulated
2026-07-15T09:30:00.000Z,GEN-01,generator,T1,EMERGENCY-POWER,standby,auto,0,0,50,0,0.98,0,87.77,32.17,0,26.2,,,,,,,,good,simulated
2026-07-15T09:30:00.000Z,GEN-02,generator,T1,EMERGENCY-POWER,standby,auto,0,0,50,0,0.98,0,87.77,32.17,0,26.2,,,,,,,,good,simulated
2026-07-15T09:30:00.000Z,ATS-01,ats,T1,EMERGENCY-POWER,running,auto,400,,,,,,,,,,,,,true,true,normal,,good,simulated
2026-07-15T09:30:00.000Z,UPS-01,ups,T1,EMERGENCY-POWER,running,online,400,185.67,50,107.85,0.98,52.66,,,,,98.87,51.09,false,,,,,good,simulated
2026-07-15T09:30:00.000Z,UPS-02,ups,T1,EMERGENCY-POWER,running,online,400,174.6,50,107.85,0.98,52.66,,,,,97.81,51.09,false,,,,,good,simulated
2026-07-15T09:40:00.000Z,GEN-01,generator,T1,EMERGENCY-POWER,standby,auto,0,0,50,0,0.98,0,87.77,32.28,0,26.2,,,,,,,,good,simulated
2026-07-15T09:40:00.000Z,GEN-02,generator,T1,EMERGENCY-POWER,standby,auto,0,0,50,0,0.98,0,87.77,32.28,0,26.2,,,,,,,,good,simulated
2026-07-15T09:40:00.000Z,ATS-01,ats,T1,EMERGENCY-POWER,running,auto,400,,,,,,,,,,,,,true,true,normal,,good,simulated
2026-07-15T09:40:00.000Z,UPS-01,ups,T1,EMERGENCY-POWER,running,online,400,180.37,50,106.32,0.98,51.95,,,,,98.56,51.58,false,,,,,good,simulated
2026-07-15T09:40:00.000Z,UPS-02,ups,T1,EMERGENCY-POWER,running,online,400,173.6,50,106.32,0.98,51.95,,,,,97.99,51.58,false,,,,,good,simulated
2026-07-15T09:50:00.000Z,GEN-01,generator,T1,EMERGENCY-POWER,standby,auto,0,0,50,0,0.98,0,87.76,32.37,0,26.2,,,,,,,,good,simulated
2026-07-15T09:50:00.000Z,GEN-02,generator,T1,EMERGENCY-POWER,standby,auto,0,0,50,0,0.98,0,87.76,32.37,0,26.2,,,,,,,,good,simulated
2026-07-15T09:50:00.000Z,ATS-01,ats,T1,EMERGENCY-POWER,running,auto,400,,,,,,,,,,,,,true,true,normal,,good,simulated
2026-07-15T09:50:00.000Z,UPS-01,ups,T1,EMERGENCY-POWER,running,online,400,173.45,50,104.68,0.98,51.18,,,,,98.11,52.1,false,,,,,good,simulated
2026-07-15T09:50:00.000Z,UPS-02,ups,T1,EMERGENCY-POWER,running,online,400,174.29,50,104.68,0.98,51.18,,,,,98.35,52.1,false,,,,,good,simulated
2026-07-15T10:00:00.000Z,GEN-01,generator,T1,EMERGENCY-POWER,running,auto,400,185,50,115,0.98,28,87.41,73,4.6,26.2,,,,,,,,good,simulated
2026-07-15T10:00:00.000Z,GEN-02,generator,T1,EMERGENCY-POWER,standby,auto,0,0,50,0,0.98,0,87.76,32.46,0,26.2,,,,,,,,good,simulated
2026-07-15T10:00:00.000Z,ATS-01,ats,T1,EMERGENCY-POWER,running,auto,400,,,,,,,,,,,,,true,true,normal,,good,simulated
2026-07-15T10:00:00.000Z,UPS-01,ups,T1,EMERGENCY-POWER,running,online,400,177.74,50,102.99,0.98,50.4,,,,,98.81,52.64,false,,,,,good,simulated
2026-07-15T10:00:00.000Z,UPS-02,ups,T1,EMERGENCY-POWER,running,online,400,176.17,50,102.99,0.98,50.4,,,,,98.82,52.64,false,,,,,good,simulated
2026-07-15T10:10:00.000Z,GEN-01,generator,T1,EMERGENCY-POWER,running,auto,400,185,50,115,0.98,28,87.41,73,4.6,26.2,,,,,,,,good,simulated
2026-07-15T10:10:00.000Z,GEN-02,generator,T1,EMERGENCY-POWER,standby,auto,0,0,50,0,0.98,0,87.76,32.55,0,26.2,,,,,,,,good,simulated
2026-07-15T10:10:00.000Z,ATS-01,ats,T1,EMERGENCY-POWER,running,auto,400,,,,,,,,,,,,,true,true,normal,,good,simulated
2026-07-15T10:10:00.000Z,UPS-01,ups,T1,EMERGENCY-POWER,running,online,400,170.2,50,101.29,0.98,49.6,,,,,98.34,53.19,false,,,,,good,simulated
2026-07-15T10:10:00.000Z,UPS-02,ups,T1,EMERGENCY-POWER,running,online,400,166.48,50,101.29,0.98,49.6,,,,,98.13,53.19,false,,,,,good,simulated
2026-07-15T10:20:00.000Z,GEN-01,generator,T1,EMERGENCY-POWER,running,auto,400,185,50,115,0.98,28,87.4,73,4.6,26.2,,,,,,,,good,simulated
2026-07-15T10:20:00.000Z,GEN-02,generator,T1,EMERGENCY-POWER,standby,auto,0,0,50,0,0.98,0,87.75,32.63,0,26.2,,,,,,,,good,simulated
2026-07-15T10:20:00.000Z,ATS-01,ats,T1,EMERGENCY-POWER,running,auto,400,,,,,,,,,,,,,true,true,normal,,good,simulated
2026-07-15T10:20:00.000Z,UPS-01,ups,T1,EMERGENCY-POWER,running,online,400,163.73,50,99.61,0.98,48.82,,,,,97.99,53.73,false,,,,,good,simulated
2026-07-15T10:20:00.000Z,UPS-02,ups,T1,EMERGENCY-POWER,running,online,400,168.41,50,99.61,0.98,48.82,,,,,98.57,53.73,false,,,,,good,simulated
2026-07-15T10:30:00.000Z,GEN-01,generator,T1,EMERGENCY-POWER,standby,auto,0,0,50,0,0.98,0,87.75,32.7,0,26.2,,,,,,,,good,simulated
2026-07-15T10:30:00.000Z,GEN-02,generator,T1,EMERGENCY-POWER,standby,auto,0,0,50,0,0.98,0,87.75,32.7,0,26.2,,,,,,,,good,simulated
2026-07-15T10:30:00.000Z,ATS-01,ats,T1,EMERGENCY-POWER,running,auto,400,,,,,,,,,,,,,true,true,normal,,good,simulated
2026-07-15T10:30:00.000Z,UPS-01,ups,T1,EMERGENCY-POWER,running,online,400,159.05,50,97.99,0.98,48.06,,,,,97.81,54.24,false,,,,,good,simulated
2026-07-15T10:30:00.000Z,UPS-02,ups,T1,EMERGENCY-POWER,running,online,400,169.19,50,97.99,0.98,48.06,,,,,98.88,54.24,false,,,,,good,simulated
2026-07-15T10:40:00.000Z,GEN-01,generator,T1,EMERGENCY-POWER,standby,auto,0,0,50,0,0.98,0,87.74,32.76,0,26.2,,,,,,,,good,simulated
2026-07-15T10:40:00.000Z,GEN-02,generator,T1,EMERGENCY-POWER,standby,auto,0,0,50,0,0.98,0,87.74,32.76,0,26.2,,,,,,,,good,simulated
2026-07-15T10:40:00.000Z,ATS-01,ats,T1,EMERGENCY-POWER,running,auto,400,,,,,,,,,,,,,true,true,normal,,good,simulated
2026-07-15T10:40:00.000Z,UPS-01,ups,T1,EMERGENCY-POWER,running,online,400,156.59,50,96.45,0.98,47.34,,,,,97.85,54.73,false,,,,,good,simulated
2026-07-15T10:40:00.000Z,UPS-02,ups,T1,EMERGENCY-POWER,running,online,400,168.27,50,96.45,0.98,47.34,,,,,99,54.73,false,,,,,good,simulated
2026-07-15T10:50:00.000Z,GEN-01,generator,T1,EMERGENCY-POWER,standby,auto,0,0,50,0,0.98,0,87.74,32.81,0,26.2,,,,,,,,good,simulated
2026-07-15T10:50:00.000Z,GEN-02,generator,T1,EMERGENCY-POWER,standby,auto,0,0,50,0,0.98,0,87.74,32.81,0,26.2,,,,,,,,good,simulated
2026-07-15T10:50:00.000Z,ATS-01,ats,T1,EMERGENCY-POWER,running,auto,400,,,,,,,,,,,,,true,true,normal,,good,simulated
2026-07-15T10:50:00.000Z,UPS-01,ups,T1,EMERGENCY-POWER,running,online,400,156.37,50,95.03,0.98,46.68,,,,,98.09,55.19,false,,,,,good,simulated
2026-07-15T10:50:00.000Z,UPS-02,ups,T1,EMERGENCY-POWER,running,online,400,165.41,50,95.03,0.98,46.68,,,,,98.91,55.19,false,,,,,good,simulated
2026-07-15T11:00:00.000Z,GEN-01,generator,T1,EMERGENCY-POWER,standby,auto,0,0,50,0,0.98,0,87.74,32.86,0,26.2,,,,,,,,good,simulated
2026-07-15T11:00:00.000Z,GEN-02,generator,T1,EMERGENCY-POWER,standby,auto,0,0,50,0,0.98,0,87.74,32.86,0,26.2,,,,,,,,good,simulated
2026-07-15T11:00:00.000Z,ATS-01,ats,T1,EMERGENCY-POWER,running,auto,400,,,,,,,,,,,,,true,true,normal,,good,simulated
2026-07-15T11:00:00.000Z,UPS-01,ups,T1,EMERGENCY-POWER,running,online,400,158.05,50,93.72,0.98,46.07,,,,,98.49,55.61,false,,,,,good,simulated
2026-07-15T11:00:00.000Z,UPS-02,ups,T1,EMERGENCY-POWER,running,online,400,160.73,50,93.72,0.98,46.07,,,,,98.62,55.61,false,,,,,good,simulated
2026-07-15T11:10:00.000Z,GEN-01,generator,T1,EMERGENCY-POWER,standby,auto,0,0,50,0,0.98,0,87.73,32.91,0,26.2,,,,,,,,good,simulated
2026-07-15T11:10:00.000Z,GEN-02,generator,T1,EMERGENCY-POWER,standby,auto,0,0,50,0,0.98,0,87.73,32.91,0,26.2,,,,,,,,good,simulated
2026-07-15T11:10:00.000Z,ATS-01,ats,T1,EMERGENCY-POWER,running,auto,400,,,,,,,,,,,,,true,true,normal,,good,simulated
2026-07-15T11:10:00.000Z,UPS-01,ups,T1,EMERGENCY-POWER,running,online,400,160.99,50,92.55,0.98,45.52,,,,,98.98,55.99,false,,,,,good,simulated
2026-07-15T11:10:00.000Z,UPS-02,ups,T1,EMERGENCY-POWER,running,online,400,154.72,50,92.55,0.98,45.52,,,,,98.18,55.99,false,,,,,good,simulated
2026-07-15T11:20:00.000Z,GEN-01,generator,T1,EMERGENCY-POWER,standby,auto,0,0,50,0,0.98,0,87.73,32.94,0,26.2,,,,,,,,good,simulated
2026-07-15T11:20:00.000Z,GEN-02,generator,T1,EMERGENCY-POWER,standby,auto,0,0,50,0,0.98,0,87.73,32.94,0,26.2,,,,,,,,good,simulated
2026-07-15T11:20:00.000Z,ATS-01,ats,T1,EMERGENCY-POWER,running,auto,400,,,,,,,,,,,,,true,true,normal,,good,simulated
2026-07-15T11:20:00.000Z,UPS-01,ups,T1,EMERGENCY-POWER,running,online,400,152.33,50,91.51,0.98,45.04,,,,,98.27,56.32,false,,,,,good,simulated
2026-07-15T11:20:00.000Z,UPS-02,ups,T1,EMERGENCY-POWER,running,online,400,160.1,50,91.51,0.98,45.04,,,,,98.88,56.32,false,,,,,good,simulated
2026-07-15T11:30:00.000Z,GEN-01,generator,T1,EMERGENCY-POWER,standby,auto,0,0,50,0,0.98,0,87.72,32.97,0,26.2,,,,,,,,good,simulated
2026-07-15T11:30:00.000Z,GEN-02,generator,T1,EMERGENCY-POWER,standby,auto,0,0,50,0,0.98,0,87.72,32.97,0,26.2,,,,,,,,good,simulated
2026-07-15T11:30:00.000Z,ATS-01,ats,T1,EMERGENCY-POWER,running,auto,400,,,,,,,,,,,,,true,true,normal,,good,simulated
2026-07-15T11:30:00.000Z,UPS-01,ups,T1,EMERGENCY-POWER,running,online,400,155.19,50,90.6,0.98,44.61,,,,,98.69,56.61,false,,,,,good,simulated
2026-07-15T11:30:00.000Z,UPS-02,ups,T1,EMERGENCY-POWER,running,online,400,153.75,50,90.6,0.98,44.61,,,,,98.4,56.61,false,,,,,good,simulated
2026-07-15T11:40:00.000Z,GEN-01,generator,T1,EMERGENCY-POWER,standby,auto,0,0,50,0,0.98,0,87.72,32.98,0,26.2,,,,,,,,good,simulated
2026-07-15T11:40:00.000Z,GEN-02,generator,T1,EMERGENCY-POWER,standby,auto,0,0,50,0,0.98,0,87.72,32.98,0,26.2,,,,,,,,good,simulated
2026-07-15T11:40:00.000Z,ATS-01,ats,T1,EMERGENCY-POWER,running,auto,400,,,,,,,,,,,,,true,true,normal,,good,simulated
2026-07-15T11:40:00.000Z,UPS-01,ups,T1,EMERGENCY-POWER,running,online,400,156.81,50,89.82,0.98,44.25,,,,,98.94,56.86,false,,,,,good,simulated
2026-07-15T11:40:00.000Z,UPS-02,ups,T1,EMERGENCY-POWER,running,online,400,148.53,50,89.82,0.98,44.25,,,,,98.03,56.86,false,,,,,good,simulated
2026-07-15T11:50:00.000Z,GEN-01,generator,T1,EMERGENCY-POWER,standby,auto,0,0,50,0,0.98,0,87.72,33,0,26.2,,,,,,,,good,simulated
2026-07-15T11:50:00.000Z,GEN-02,generator,T1,EMERGENCY-POWER,standby,auto,0,0,50,0,0.98,0,87.72,33,0,26.2,,,,,,,,good,simulated
2026-07-15T11:50:00.000Z,ATS-01,ats,T1,EMERGENCY-POWER,running,auto,400,,,,,,,,,,,,,true,true,normal,,good,simulated
2026-07-15T11:50:00.000Z,UPS-01,ups,T1,EMERGENCY-POWER,running,online,400,156.66,50,89.17,0.98,43.95,,,,,98.99,57.07,false,,,,,good,simulated
2026-07-15T11:50:00.000Z,UPS-02,ups,T1,EMERGENCY-POWER,running,online,400,145.12,50,89.17,0.98,43.95,,,,,97.82,57.07,false,,,,,good,simulated
2026-07-15T12:00:00.000Z,GEN-01,generator,T1,EMERGENCY-POWER,standby,auto,0,0,50,0,0.98,0,87.71,33,0,26.2,,,,,,,,good,simulated
2026-07-15T12:00:00.000Z,GEN-02,generator,T1,EMERGENCY-POWER,standby,auto,0,0,50,0,0.98,0,87.71,33,0,26.2,,,,,,,,good,simulated
2026-07-15T12:00:00.000Z,ATS-01,ats,T1,EMERGENCY-POWER,running,auto,400,,,,,,,,,,,,,true,true,normal,,good,simulated
2026-07-15T12:00:00.000Z,UPS-01,ups,T1,EMERGENCY-POWER,running,online,400,154.58,50,88.63,0.98,43.69,,,,,98.84,57.24,false,,,,,good,simulated
2026-07-15T12:00:00.000Z,UPS-02,ups,T1,EMERGENCY-POWER,running,online,400,143.93,50,88.63,0.98,43.69,,,,,97.83,57.24,false,,,,,good,simulated
2026-07-15T12:10:00.000Z,GEN-01,generator,T1,EMERGENCY-POWER,standby,auto,0,0,50,0,0.98,0,87.71,33,0,26.2,,,,,,,,good,simulated
2026-07-15T12:10:00.000Z,GEN-02,generator,T1,EMERGENCY-POWER,standby,auto,0,0,50,0,0.98,0,87.71,33,0,26.2,,,,,,,,good,simulated
2026-07-15T12:10:00.000Z,ATS-01,ats,T1,EMERGENCY-POWER,running,auto,400,,,,,,,,,,,,,true,true,normal,,good,simulated
2026-07-15T12:10:00.000Z,UPS-01,ups,T1,EMERGENCY-POWER,running,online,400,150.75,50,88.18,0.98,43.49,,,,,98.5,57.38,false,,,,,good,simulated
2026-07-15T12:10:00.000Z,UPS-02,ups,T1,EMERGENCY-POWER,running,online,400,145.01,50,88.18,0.98,43.49,,,,,98.04,57.38,false,,,,,good,simulated
2026-07-15T12:20:00.000Z,GEN-01,generator,T1,EMERGENCY-POWER,standby,auto,0,0,50,0,0.98,0,87.7,32.98,0,26.2,,,,,,,,good,simulated
2026-07-15T12:20:00.000Z,GEN-02,generator,T1,EMERGENCY-POWER,standby,auto,0,0,50,0,0.98,0,87.7,32.98,0,26.2,,,,,,,,good,simulated
2026-07-15T12:20:00.000Z,ATS-01,ats,T1,EMERGENCY-POWER,running,auto,400,,,,,,,,,,,,,true,true,normal,,good,simulated
2026-07-15T12:20:00.000Z,UPS-01,ups,T1,EMERGENCY-POWER,running,online,400,145.71,50,87.83,0.98,43.32,,,,,98.03,57.49,false,,,,,good,simulated
2026-07-15T12:20:00.000Z,UPS-02,ups,T1,EMERGENCY-POWER,running,online,400,148,50,87.83,0.98,43.32,,,,,98.42,57.49,false,,,,,good,simulated
2026-07-15T12:30:00.000Z,GEN-01,generator,T1,EMERGENCY-POWER,standby,auto,0,0,50,0,0.98,0,87.7,32.97,0,26.2,,,,,,,,good,simulated
2026-07-15T12:30:00.000Z,GEN-02,generator,T1,EMERGENCY-POWER,standby,auto,0,0,50,0,0.98,0,87.7,32.97,0,26.2,,,,,,,,good,simulated
2026-07-15T12:30:00.000Z,ATS-01,ats,T1,EMERGENCY-POWER,running,auto,400,,,,,,,,,,,,,true,true,normal,,good,simulated
2026-07-15T12:30:00.000Z,UPS-01,ups,T1,EMERGENCY-POWER,running,online,400,152.24,50,87.56,0.98,43.2,,,,,98.73,57.58,false,,,,,good,simulated
2026-07-15T12:30:00.000Z,UPS-02,ups,T1,EMERGENCY-POWER,running,online,400,152.29,50,87.56,0.98,43.2,,,,,98.91,57.58,false,,,,,good,simulated
2026-07-15T12:40:00.000Z,GEN-01,generator,T1,EMERGENCY-POWER,standby,auto,0,0,50,0,0.98,0,87.7,32.94,0,26.2,,,,,,,,good,simulated
2026-07-15T12:40:00.000Z,GEN-02,generator,T1,EMERGENCY-POWER,standby,auto,0,0,50,0,0.98,0,87.7,32.94,0,26.2,,,,,,,,good,simulated
2026-07-15T12:40:00.000Z,ATS-01,ats,T1,EMERGENCY-POWER,running,auto,400,,,,,,,,,,,,,true,true,normal,,good,simulated
2026-07-15T12:40:00.000Z,UPS-01,ups,T1,EMERGENCY-POWER,running,online,400,147.22,50,87.36,0.98,43.1,,,,,98.27,57.64,false,,,,,good,simulated
2026-07-15T12:40:00.000Z,UPS-02,ups,T1,EMERGENCY-POWER,running,online,400,145,50,87.36,0.98,43.1,,,,,98.21,57.64,false,,,,,good,simulated
2026-07-15T12:50:00.000Z,GEN-01,generator,T1,EMERGENCY-POWER,standby,auto,0,0,50,0,0.98,0,87.69,32.91,0,26.2,,,,,,,,good,simulated
2026-07-15T12:50:00.000Z,GEN-02,generator,T1,EMERGENCY-POWER,standby,auto,0,0,50,0,0.98,0,87.69,32.91,0,26.2,,,,,,,,good,simulated
2026-07-15T12:50:00.000Z,ATS-01,ats,T1,EMERGENCY-POWER,running,auto,400,,,,,,,,,,,,,true,true,normal,,good,simulated
2026-07-15T12:50:00.000Z,UPS-01,ups,T1,EMERGENCY-POWER,running,online,400,143.45,50,87.23,0.98,43.04,,,,,97.94,57.69,false,,,,,good,simulated
2026-07-15T12:50:00.000Z,UPS-02,ups,T1,EMERGENCY-POWER,running,online,400,149.25,50,87.23,0.98,43.04,,,,,98.63,57.69,false,,,,,good,simulated
2026-07-15T13:00:00.000Z,GEN-01,generator,T1,EMERGENCY-POWER,standby,auto,0,0,50,0,0.98,0,87.69,32.86,0,26.2,,,,,,,,good,simulated
2026-07-15T13:00:00.000Z,GEN-02,generator,T1,EMERGENCY-POWER,standby,auto,0,0,50,0,0.98,0,87.69,32.86,0,26.2,,,,,,,,good,simulated
2026-07-15T13:00:00.000Z,ATS-01,ats,T1,EMERGENCY-POWER,running,auto,400,,,,,,,,,,,,,true,true,normal,,good,simulated
2026-07-15T13:00:00.000Z,UPS-01,ups,T1,EMERGENCY-POWER,running,online,400,141.57,50,87.15,0.98,43,,,,,97.8,57.71,false,,,,,good,simulated
2026-07-15T13:00:00.000Z,UPS-02,ups,T1,EMERGENCY-POWER,running,online,400,152.23,50,87.15,0.98,43,,,,,98.91,57.71,false,,,,,good,simulated
2026-07-15T13:10:00.000Z,GEN-01,generator,T1,EMERGENCY-POWER,standby,auto,0,0,50,0,0.98,0,87.68,32.81,0,26.2,,,,,,,,good,simulated
2026-07-15T13:10:00.000Z,GEN-02,generator,T1,EMERGENCY-POWER,standby,auto,0,0,50,0,0.98,0,87.68,32.81,0,26.2,,,,,,,,good,simulated
2026-07-15T13:10:00.000Z,ATS-01,ats,T1,EMERGENCY-POWER,running,auto,400,,,,,,,,,,,,,true,true,normal,,good,simulated
2026-07-15T13:10:00.000Z,UPS-01,ups,T1,EMERGENCY-POWER,running,online,400,141.86,50,87.12,0.98,42.99,,,,,97.87,57.72,false,,,,,good,simulated
2026-07-15T13:10:00.000Z,UPS-02,ups,T1,EMERGENCY-POWER,running,online,400,153.39,50,87.12,0.98,42.99,,,,,99,57.72,false,,,,,good,simulated
2026-07-15T13:20:00.000Z,GEN-01,generator,T1,EMERGENCY-POWER,standby,auto,0,0,50,0,0.98,0,87.68,32.76,0,26.2,,,,,,,,good,simulated
2026-07-15T13:20:00.000Z,GEN-02,generator,T1,EMERGENCY-POWER,standby,auto,0,0,50,0,0.98,0,87.68,32.76,0,26.2,,,,,,,,good,simulated
2026-07-15T13:20:00.000Z,ATS-01,ats,T1,EMERGENCY-POWER,running,auto,400,,,,,,,,,,,,,true,true,normal,,good,simulated
2026-07-15T13:20:00.000Z,UPS-01,ups,T1,EMERGENCY-POWER,running,online,400,144.27,50,87.15,0.98,43,,,,,98.14,57.71,false,,,,,good,simulated
2026-07-15T13:20:00.000Z,UPS-02,ups,T1,EMERGENCY-POWER,running,online,400,152.52,50,87.15,0.98,43,,,,,98.87,57.71,false,,,,,good,simulated
2026-07-15T13:30:00.000Z,GEN-01,generator,T1,EMERGENCY-POWER,standby,auto,0,0,50,0,0.98,0,87.68,32.7,0,26.2,,,,,,,,good,simulated
2026-07-15T13:30:00.000Z,GEN-02,generator,T1,EMERGENCY-POWER,standby,auto,0,0,50,0,0.98,0,87.68,32.7,0,26.2,,,,,,,,good,simulated
2026-07-15T13:30:00.000Z,ATS-01,ats,T1,EMERGENCY-POWER,running,auto,400,,,,,,,,,,,,,true,true,normal,,good,simulated
2026-07-15T13:30:00.000Z,UPS-01,ups,T1,EMERGENCY-POWER,running,online,400,148.39,50,87.23,0.98,43.04,,,,,98.56,57.69,false,,,,,good,simulated
2026-07-15T13:30:00.000Z,UPS-02,ups,T1,EMERGENCY-POWER,running,online,400,149.77,50,87.23,0.98,43.04,,,,,98.55,57.69,false,,,,,good,simulated
2026-07-15T13:40:00.000Z,GEN-01,generator,T1,EMERGENCY-POWER,standby,auto,0,0,50,0,0.98,0,87.67,32.63,0,26.2,,,,,,,,good,simulated
2026-07-15T13:40:00.000Z,GEN-02,generator,T1,EMERGENCY-POWER,standby,auto,0,0,50,0,0.98,0,87.67,32.63,0,26.2,,,,,,,,good,simulated
2026-07-15T13:40:00.000Z,ATS-01,ats,T1,EMERGENCY-POWER,running,auto,400,,,,,,,,,,,,,true,true,normal,,good,simulated
2026-07-15T13:40:00.000Z,UPS-01,ups,T1,EMERGENCY-POWER,running,online,400,153.5,50,87.36,0.98,43.1,,,,,97.86,57.65,false,,,,,good,simulated
2026-07-15T13:40:00.000Z,UPS-02,ups,T1,EMERGENCY-POWER,running,online,400,145.65,50,87.36,0.98,43.1,,,,,98.1,57.65,false,,,,,good,simulated
2026-07-15T13:50:00.000Z,GEN-01,generator,T1,EMERGENCY-POWER,standby,auto,0,0,50,0,0.98,0,87.67,32.55,0,26.2,,,,,,,,good,simulated
2026-07-15T13:50:00.000Z,GEN-02,generator,T1,EMERGENCY-POWER,standby,auto,0,0,50,0,0.98,0,87.67,32.55,0,26.2,,,,,,,,good,simulated
2026-07-15T13:50:00.000Z,ATS-01,ats,T1,EMERGENCY-POWER,running,auto,400,,,,,,,,,,,,,true,true,normal,,good,simulated
2026-07-15T13:50:00.000Z,UPS-01,ups,T1,EMERGENCY-POWER,running,online,400,146.75,50,87.54,0.98,43.19,,,,,98.35,57.59,false,,,,,good,simulated
2026-07-15T13:50:00.000Z,UPS-02,ups,T1,EMERGENCY-POWER,running,online,400,152.94,50,87.54,0.98,43.19,,,,,98.8,57.59,false,,,,,good,simulated
2026-07-15T14:00:00.000Z,GEN-01,generator,T1,EMERGENCY-POWER,standby,auto,0,0,50,0,0.98,0,87.66,32.46,0,26.2,,,,,,,,good,simulated
2026-07-15T14:00:00.000Z,GEN-02,generator,T1,EMERGENCY-POWER,standby,auto,0,0,50,0,0.98,0,87.66,32.46,0,26.2,,,,,,,,good,simulated
2026-07-15T14:00:00.000Z,ATS-01,ats,T1,EMERGENCY-POWER,running,auto,400,,,,,,,,,,,,,true,true,normal,,good,simulated
2026-07-15T14:00:00.000Z,UPS-01,ups,T1,EMERGENCY-POWER,running,online,400,151.26,50,87.78,0.98,43.3,,,,,98.74,57.51,false,,,,,good,simulated
2026-07-15T14:00:00.000Z,UPS-02,ups,T1,EMERGENCY-POWER,running,online,400,148.52,50,87.78,0.98,43.3,,,,,98.33,57.51,false,,,,,good,simulated
2026-07-15T14:10:00.000Z,GEN-01,generator,T1,EMERGENCY-POWER,standby,auto,0,0,50,0,0.98,0,87.66,32.37,0,26.2,,,,,,,,good,simulated
2026-07-15T14:10:00.000Z,GEN-02,generator,T1,EMERGENCY-POWER,standby,auto,0,0,50,0,0.98,0,87.66,32.37,0,26.2,,,,,,,,good,simulated
2026-07-15T14:10:00.000Z,ATS-01,ats,T1,EMERGENCY-POWER,running,auto,400,,,,,,,,,,,,,true,true,normal,,good,simulated
2026-07-15T14:10:00.000Z,UPS-01,ups,T1,EMERGENCY-POWER,running,online,400,154.33,50,88.1,0.98,43.44,,,,,98.96,57.41,false,,,,,good,simulated
2026-07-15T14:10:00.000Z,UPS-02,ups,T1,EMERGENCY-POWER,running,online,400,145.26,50,88.1,0.98,43.44,,,,,97.98,57.41,false,,,,,good,simulated
2026-07-15T14:20:00.000Z,GEN-01,generator,T1,EMERGENCY-POWER,standby,auto,0,0,50,0,0.98,0,87.66,32.28,0,26.2,,,,,,,,good,simulated
2026-07-15T14:20:00.000Z,GEN-02,generator,T1,EMERGENCY-POWER,standby,auto,0,0,50,0,0.98,0,87.66,32.28,0,26.2,,,,,,,,good,simulated
2026-07-15T14:20:00.000Z,ATS-01,ats,T1,EMERGENCY-POWER,running,auto,400,,,,,,,,,,,,,true,true,normal,,good,simulated
2026-07-15T14:20:00.000Z,UPS-01,ups,T1,EMERGENCY-POWER,running,online,400,155.51,50,88.48,0.98,43.62,,,,,98.98,57.29,false,,,,,good,simulated
2026-07-15T14:20:00.000Z,UPS-02,ups,T1,EMERGENCY-POWER,running,online,400,143.83,50,88.48,0.98,43.62,,,,,97.81,57.29,false,,,,,good,simulated
2026-07-15T14:30:00.000Z,GEN-01,generator,T1,EMERGENCY-POWER,standby,auto,0,0,50,0,0.98,0,87.65,32.17,0,26.2,,,,,,,,good,simulated
2026-07-15T14:30:00.000Z,GEN-02,generator,T1,EMERGENCY-POWER,standby,auto,0,0,50,0,0.98,0,87.65,32.17,0,26.2,,,,,,,,good,simulated
2026-07-15T14:30:00.000Z,ATS-01,ats,T1,EMERGENCY-POWER,running,auto,400,,,,,,,,,,,,,true,true,normal,,good,simulated
2026-07-15T14:30:00.000Z,UPS-01,ups,T1,EMERGENCY-POWER,running,online,400,154.71,50,88.95,0.98,43.84,,,,,98.79,57.14,false,,,,,good,simulated
2026-07-15T14:30:00.000Z,UPS-02,ups,T1,EMERGENCY-POWER,running,online,400,144.6,50,88.95,0.98,43.84,,,,,97.85,57.14,false,,,,,good,simulated
2026-07-15T14:40:00.000Z,GEN-01,generator,T1,EMERGENCY-POWER,standby,auto,0,0,50,0,0.98,0,87.65,32.06,0,26.2,,,,,,,,good,simulated
2026-07-15T14:40:00.000Z,GEN-02,generator,T1,EMERGENCY-POWER,standby,auto,0,0,50,0,0.98,0,87.65,32.06,0,26.2,,,,,,,,good,simulated
2026-07-15T14:40:00.000Z,ATS-01,ats,T1,EMERGENCY-POWER,running,auto,400,,,,,,,,,,,,,true,true,normal,,good,simulated
2026-07-15T14:40:00.000Z,UPS-01,ups,T1,EMERGENCY-POWER,running,online,400,152.22,50,89.51,0.98,44.11,,,,,98.43,56.96,false,,,,,good,simulated
2026-07-15T14:40:00.000Z,UPS-02,ups,T1,EMERGENCY-POWER,running,online,400,147.6,50,89.51,0.98,44.11,,,,,98.09,56.96,false,,,,,good,simulated
2026-07-15T14:50:00.000Z,GEN-01,generator,T1,EMERGENCY-POWER,standby,auto,0,0,50,0,0.98,0,87.64,31.95,0,26.2,,,,,,,,good,simulated
2026-07-15T14:50:00.000Z,GEN-02,generator,T1,EMERGENCY-POWER,standby,auto,0,0,50,0,0.98,0,87.64,31.95,0,26.2,,,,,,,,good,simulated
2026-07-15T14:50:00.000Z,ATS-01,ats,T1,EMERGENCY-POWER,running,auto,400,,,,,,,,,,,,,true,true,normal,,good,simulated
2026-07-15T14:50:00.000Z,UPS-01,ups,T1,EMERGENCY-POWER,running,online,400,148.66,50,90.17,0.98,44.41,,,,,97.95,56.75,false,,,,,good,simulated
2026-07-15T14:50:00.000Z,UPS-02,ups,T1,EMERGENCY-POWER,running,online,400,152.45,50,90.17,0.98,44.41,,,,,98.5,56.75,false,,,,,good,simulated
2026-07-15T15:00:00.000Z,GEN-01,generator,T1,EMERGENCY-POWER,standby,auto,0,0,50,0,0.98,0,87.64,31.83,0,26.2,,,,,,,,good,simulated
2026-07-15T15:00:00.000Z,GEN-02,generator,T1,EMERGENCY-POWER,standby,auto,0,0,50,0,0.98,0,87.64,31.83,0,26.2,,,,,,,,good,simulated
2026-07-15T15:00:00.000Z,ATS-01,ats,T1,EMERGENCY-POWER,running,auto,400,,,,,,,,,,,,,true,true,normal,,good,simulated
2026-07-15T15:00:00.000Z,UPS-01,ups,T1,EMERGENCY-POWER,running,online,400,156.85,50,90.94,0.98,44.77,,,,,98.65,56.5,false,,,,,good,simulated
2026-07-15T15:00:00.000Z,UPS-02,ups,T1,EMERGENCY-POWER,running,online,400,158.51,50,90.94,0.98,44.77,,,,,98.99,56.5,false,,,,,good,simulated
2026-07-15T15:10:00.000Z,GEN-01,generator,T1,EMERGENCY-POWER,standby,auto,0,0,50,0,0.98,0,87.64,31.7,0,26.2,,,,,,,,good,simulated
2026-07-15T15:10:00.000Z,GEN-02,generator,T1,EMERGENCY-POWER,standby,auto,0,0,50,0,0.98,0,87.64,31.7,0,26.2,,,,,,,,good,simulated
2026-07-15T15:10:00.000Z,ATS-01,ats,T1,EMERGENCY-POWER,running,auto,400,,,,,,,,,,,,,true,true,normal,,good,simulated
2026-07-15T15:10:00.000Z,UPS-01,ups,T1,EMERGENCY-POWER,running,online,400,153.69,50,91.83,0.98,45.19,,,,,98.21,56.22,false,,,,,good,simulated
2026-07-15T15:10:00.000Z,UPS-02,ups,T1,EMERGENCY-POWER,running,online,400,152.92,50,91.83,0.98,45.19,,,,,98.28,56.22,false,,,,,good,simulated
2026-07-15T15:20:00.000Z,GEN-01,generator,T1,EMERGENCY-POWER,standby,auto,0,0,50,0,0.98,0,87.63,31.57,0,26.2,,,,,,,,good,simulated
2026-07-15T15:20:00.000Z,GEN-02,generator,T1,EMERGENCY-POWER,standby,auto,0,0,50,0,0.98,0,87.63,31.57,0,26.2,,,,,,,,good,simulated
2026-07-15T15:20:00.000Z,ATS-01,ats,T1,EMERGENCY-POWER,running,auto,400,,,,,,,,,,,,,true,true,normal,,good,simulated
2026-07-15T15:20:00.000Z,UPS-01,ups,T1,EMERGENCY-POWER,running,online,400,152.01,50,92.83,0.98,45.66,,,,,97.91,55.89,false,,,,,good,simulated
2026-07-15T15:20:00.000Z,UPS-02,ups,T1,EMERGENCY-POWER,running,online,400,158.83,50,92.83,0.98,45.66,,,,,98.69,55.89,false,,,,,good,simulated
2026-07-15T15:30:00.000Z,GEN-01,generator,T1,EMERGENCY-POWER,standby,auto,0,0,50,0,0.98,0,87.63,31.44,0,26.2,,,,,,,,good,simulated
2026-07-15T15:30:00.000Z,GEN-02,generator,T1,EMERGENCY-POWER,standby,auto,0,0,50,0,0.98,0,87.63,31.44,0,26.2,,,,,,,,good,simulated
2026-07-15T15:30:00.000Z,ATS-01,ats,T1,EMERGENCY-POWER,running,auto,400,,,,,,,,,,,,,true,true,normal,,good,simulated
2026-07-15T15:30:00.000Z,UPS-01,ups,T1,EMERGENCY-POWER,running,online,400,152.38,50,93.96,0.98,46.18,,,,,97.8,55.53,false,,,,,good,simulated
2026-07-15T15:30:00.000Z,UPS-02,ups,T1,EMERGENCY-POWER,running,online,400,163.47,50,93.96,0.98,46.18,,,,,98.94,55.53,false,,,,,good,simulated
2026-07-15T15:40:00.000Z,GEN-01,generator,T1,EMERGENCY-POWER,standby,auto,0,0,50,0,0.98,0,87.62,31.29,0,26.2,,,,,,,,good,simulated
2026-07-15T15:40:00.000Z,GEN-02,generator,T1,EMERGENCY-POWER,standby,auto,0,0,50,0,0.98,0,87.62,31.29,0,26.2,,,,,,,,good,simulated
2026-07-15T15:40:00.000Z,ATS-01,ats,T1,EMERGENCY-POWER,running,auto,400,,,,,,,,,,,,,true,true,normal,,good,simulated
2026-07-15T15:40:00.000Z,UPS-01,ups,T1,EMERGENCY-POWER,running,online,400,155.06,50,95.22,0.98,46.77,,,,,97.9,55.13,false,,,,,good,simulated
2026-07-15T15:40:00.000Z,UPS-02,ups,T1,EMERGENCY-POWER,running,online,400,166.34,50,95.22,0.98,46.77,,,,,98.99,55.13,false,,,,,good,simulated
2026-07-15T15:50:00.000Z,GEN-01,generator,T1,EMERGENCY-POWER,standby,auto,0,0,50,0,0.98,0,87.62,31.15,0,26.2,,,,,,,,good,simulated
2026-07-15T15:50:00.000Z,GEN-02,generator,T1,EMERGENCY-POWER,standby,auto,0,0,50,0,0.98,0,87.62,31.15,0,26.2,,,,,,,,good,simulated
2026-07-15T15:50:00.000Z,ATS-01,ats,T1,EMERGENCY-POWER,running,auto,400,,,,,,,,,,,,,true,true,normal,,good,simulated
2026-07-15T15:50:00.000Z,UPS-01,ups,T1,EMERGENCY-POWER,running,online,400,159.94,50,96.6,0.98,47.41,,,,,98.2,54.69,false,,,,,good,simulated
2026-07-15T15:50:00.000Z,UPS-02,ups,T1,EMERGENCY-POWER,running,online,400,167.29,50,96.6,0.98,47.41,,,,,98.83,54.69,false,,,,,good,simulated
2026-07-15T16:00:00.000Z,GEN-01,generator,T1,EMERGENCY-POWER,standby,auto,0,0,50,0,0.98,0,87.62,31,0,26.2,,,,,,,,good,simulated
2026-07-15T16:00:00.000Z,GEN-02,generator,T1,EMERGENCY-POWER,standby,auto,0,0,50,0,0.98,0,87.62,31,0,26.2,,,,,,,,good,simulated
2026-07-15T16:00:00.000Z,ATS-01,ats,T1,EMERGENCY-POWER,running,auto,400,,,,,,,,,,,,,true,true,normal,,good,simulated
2026-07-15T16:00:00.000Z,UPS-01,ups,T1,EMERGENCY-POWER,running,online,400,166.52,50,98.09,0.98,48.11,,,,,98.64,54.21,false,,,,,good,simulated
2026-07-15T16:00:00.000Z,UPS-02,ups,T1,EMERGENCY-POWER,running,online,400,166.53,50,98.09,0.98,48.11,,,,,98.49,54.21,false,,,,,good,simulated
2026-07-15T16:10:00.000Z,GEN-01,generator,T1,EMERGENCY-POWER,standby,auto,0,0,50,0,0.98,0,87.61,30.85,0,26.2,,,,,,,,good,simulated
2026-07-15T16:10:00.000Z,GEN-02,generator,T1,EMERGENCY-POWER,standby,auto,0,0,50,0,0.98,0,87.61,30.85,0,26.2,,,,,,,,good,simulated
2026-07-15T16:10:00.000Z,ATS-01,ats,T1,EMERGENCY-POWER,running,auto,400,,,,,,,,,,,,,true,true,normal,,good,simulated
2026-07-15T16:10:00.000Z,UPS-01,ups,T1,EMERGENCY-POWER,running,online,400,162.04,50,99.68,0.98,48.85,,,,,97.94,53.7,false,,,,,good,simulated
2026-07-15T16:10:00.000Z,UPS-02,ups,T1,EMERGENCY-POWER,running,online,400,164.59,50,99.68,0.98,48.85,,,,,98.02,53.7,false,,,,,good,simulated
2026-07-15T16:20:00.000Z,GEN-01,generator,T1,EMERGENCY-POWER,standby,auto,0,0,50,0,0.98,0,87.61,30.69,0,26.2,,,,,,,,good,simulated
2026-07-15T16:20:00.000Z,GEN-02,generator,T1,EMERGENCY-POWER,standby,auto,0,0,50,0,0.98,0,87.61,30.69,0,26.2,,,,,,,,good,simulated
2026-07-15T16:20:00.000Z,ATS-01,ats,T1,EMERGENCY-POWER,running,auto,400,,,,,,,,,,,,,true,true,normal,,good,simulated
2026-07-15T16:20:00.000Z,UPS-01,ups,T1,EMERGENCY-POWER,running,online,400,169.61,50,101.36,0.98,49.64,,,,,98.42,53.16,false,,,,,good,simulated
2026-07-15T16:20:00.000Z,UPS-02,ups,T1,EMERGENCY-POWER,running,online,400,174.24,50,101.36,0.98,49.64,,,,,98.72,53.16,false,,,,,good,simulated
2026-07-15T16:30:00.000Z,GEN-01,generator,T1,EMERGENCY-POWER,standby,auto,0,0,50,0,0.98,0,87.6,30.53,0,26.2,,,,,,,,good,simulated
2026-07-15T16:30:00.000Z,GEN-02,generator,T1,EMERGENCY-POWER,standby,auto,0,0,50,0,0.98,0,87.6,30.53,0,26.2,,,,,,,,good,simulated
2026-07-15T16:30:00.000Z,ATS-01,ats,T1,EMERGENCY-POWER,running,auto,400,,,,,,,,,,,,,true,true,normal,,good,simulated
2026-07-15T16:30:00.000Z,UPS-01,ups,T1,EMERGENCY-POWER,running,online,400,176.32,50,103.11,0.98,50.45,,,,,98.79,52.6,false,,,,,good,simulated
2026-07-15T16:30:00.000Z,UPS-02,ups,T1,EMERGENCY-POWER,running,online,400,172.34,50,103.11,0.98,50.45,,,,,98.26,52.6,false,,,,,good,simulated
2026-07-15T16:40:00.000Z,GEN-01,generator,T1,EMERGENCY-POWER,standby,auto,0,0,50,0,0.98,0,87.6,30.37,0,26.2,,,,,,,,good,simulated
2026-07-15T16:40:00.000Z,GEN-02,generator,T1,EMERGENCY-POWER,standby,auto,0,0,50,0,0.98,0,87.6,30.37,0,26.2,,,,,,,,good,simulated
2026-07-15T16:40:00.000Z,ATS-01,ats,T1,EMERGENCY-POWER,running,auto,400,,,,,,,,,,,,,true,true,normal,,good,simulated
2026-07-15T16:40:00.000Z,UPS-01,ups,T1,EMERGENCY-POWER,running,online,400,181.45,50,104.9,0.98,51.29,,,,,98.98,52.03,false,,,,,good,simulated
2026-07-15T16:40:00.000Z,UPS-02,ups,T1,EMERGENCY-POWER,running,online,400,171.68,50,104.9,0.98,51.29,,,,,97.94,52.03,false,,,,,good,simulated
2026-07-15T16:50:00.000Z,GEN-01,generator,T1,EMERGENCY-POWER,standby,auto,0,0,50,0,0.98,0,87.6,30.2,0,26.2,,,,,,,,good,simulated
2026-07-15T16:50:00.000Z,GEN-02,generator,T1,EMERGENCY-POWER,standby,auto,0,0,50,0,0.98,0,87.6,30.2,0,26.2,,,,,,,,good,simulated
2026-07-15T16:50:00.000Z,ATS-01,ats,T1,EMERGENCY-POWER,running,auto,400,,,,,,,,,,,,,true,true,normal,,good,simulated
2026-07-15T16:50:00.000Z,UPS-01,ups,T1,EMERGENCY-POWER,running,online,400,184.55,50,106.7,0.98,52.13,,,,,98.96,51.46,false,,,,,good,simulated
2026-07-15T16:50:00.000Z,UPS-02,ups,T1,EMERGENCY-POWER,running,online,400,172.83,50,106.7,0.98,52.13,,,,,97.8,51.46,false,,,,,good,simulated
2026-07-15T17:00:00.000Z,GEN-01,generator,T1,EMERGENCY-POWER,standby,auto,0,0,50,0,0.98,0,87.59,30.04,0,26.2,,,,,,,,good,simulated
2026-07-15T17:00:00.000Z,GEN-02,generator,T1,EMERGENCY-POWER,standby,auto,0,0,50,0,0.98,0,87.59,30.04,0,26.2,,,,,,,,good,simulated
2026-07-15T17:00:00.000Z,ATS-01,ats,T1,EMERGENCY-POWER,running,auto,400,,,,,,,,,,,,,true,true,normal,,good,simulated
2026-07-15T17:00:00.000Z,UPS-01,ups,T1,EMERGENCY-POWER,running,online,400,185.52,50,108.48,0.98,52.96,,,,,98.74,50.89,false,,,,,good,simulated
2026-07-15T17:00:00.000Z,UPS-02,ups,T1,EMERGENCY-POWER,running,online,400,176.05,50,108.48,0.98,52.96,,,,,97.88,50.89,false,,,,,good,simulated
2026-07-15T17:10:00.000Z,GEN-01,generator,T1,EMERGENCY-POWER,standby,auto,0,0,50,0,0.98,0,87.59,29.87,0,26.2,,,,,,,,good,simulated
2026-07-15T17:10:00.000Z,GEN-02,generator,T1,EMERGENCY-POWER,standby,auto,0,0,50,0,0.98,0,87.59,29.87,0,26.2,,,,,,,,good,simulated
2026-07-15T17:10:00.000Z,ATS-01,ats,T1,EMERGENCY-POWER,running,auto,400,,,,,,,,,,,,,true,true,normal,,good,simulated
2026-07-15T17:10:00.000Z,UPS-01,ups,T1,EMERGENCY-POWER,running,online,400,184.65,50,110.2,0.98,53.76,,,,,98.36,50.34,false,,,,,good,simulated
2026-07-15T17:10:00.000Z,UPS-02,ups,T1,EMERGENCY-POWER,running,online,400,181.21,50,110.2,0.98,53.76,,,,,98.15,50.34,false,,,,,good,simulated
2026-07-15T17:20:00.000Z,GEN-01,generator,T1,EMERGENCY-POWER,standby,auto,0,0,50,0,0.98,0,87.58,29.69,0,26.2,,,,,,,,good,simulated
2026-07-15T17:20:00.000Z,GEN-02,generator,T1,EMERGENCY-POWER,standby,auto,0,0,50,0,0.98,0,87.58,29.69,0,26.2,,,,,,,,good,simulated
2026-07-15T17:20:00.000Z,ATS-01,ats,T1,EMERGENCY-POWER,running,auto,400,,,,,,,,,,,,,true,true,normal,,good,simulated
2026-07-15T17:20:00.000Z,UPS-01,ups,T1,EMERGENCY-POWER,running,online,400,182.51,50,111.84,0.98,54.52,,,,,97.87,49.81,false,,,,,good,simulated
2026-07-15T17:20:00.000Z,UPS-02,ups,T1,EMERGENCY-POWER,running,online,400,187.84,50,111.84,0.98,54.52,,,,,98.57,49.81,false,,,,,good,simulated
2026-07-15T17:30:00.000Z,GEN-01,generator,T1,EMERGENCY-POWER,standby,auto,0,0,50,0,0.98,0,87.58,29.52,0,26.2,,,,,,,,good,simulated
2026-07-15T17:30:00.000Z,GEN-02,generator,T1,EMERGENCY-POWER,standby,auto,0,0,50,0,0.98,0,87.58,29.52,0,26.2,,,,,,,,good,simulated
2026-07-15T17:30:00.000Z,ATS-01,ats,T1,EMERGENCY-POWER,running,auto,400,,,,,,,,,,,,,true,true,normal,,good,simulated
2026-07-15T17:30:00.000Z,UPS-01,ups,T1,EMERGENCY-POWER,running,online,400,191.9,50,113.34,0.98,55.23,,,,,98.57,49.33,false,,,,,good,simulated
2026-07-15T17:30:00.000Z,UPS-02,ups,T1,EMERGENCY-POWER,running,online,400,195.17,50,113.34,0.98,55.23,,,,,97.87,49.33,false,,,,,good,simulated
2026-07-15T17:40:00.000Z,GEN-01,generator,T1,EMERGENCY-POWER,standby,auto,0,0,50,0,0.98,0,87.58,29.35,0,26.2,,,,,,,,good,simulated
2026-07-15T17:40:00.000Z,GEN-02,generator,T1,EMERGENCY-POWER,standby,auto,0,0,50,0,0.98,0,87.58,29.35,0,26.2,,,,,,,,good,simulated
2026-07-15T17:40:00.000Z,ATS-01,ats,T1,EMERGENCY-POWER,running,auto,400,,,,,,,,,,,,,true,true,normal,,good,simulated
2026-07-15T17:40:00.000Z,UPS-01,ups,T1,EMERGENCY-POWER,running,online,400,189.63,50,114.69,0.98,55.85,,,,,98.15,48.9,false,,,,,good,simulated
2026-07-15T17:40:00.000Z,UPS-02,ups,T1,EMERGENCY-POWER,running,online,400,190.26,50,114.69,0.98,55.85,,,,,98.36,48.9,false,,,,,good,simulated
2026-07-15T17:50:00.000Z,GEN-01,generator,T1,EMERGENCY-POWER,standby,auto,0,0,50,0,0.98,0,87.57,29.17,0,26.2,,,,,,,,good,simulated
2026-07-15T17:50:00.000Z,GEN-02,generator,T1,EMERGENCY-POWER,standby,auto,0,0,50,0,0.98,0,87.57,29.17,0,26.2,,,,,,,,good,simulated
2026-07-15T17:50:00.000Z,ATS-01,ats,T1,EMERGENCY-POWER,running,auto,400,,,,,,,,,,,,,true,true,normal,,good,simulated
2026-07-15T17:50:00.000Z,UPS-01,ups,T1,EMERGENCY-POWER,running,online,400,188.44,50,115.84,0.98,56.39,,,,,97.88,48.53,false,,,,,good,simulated
2026-07-15T17:50:00.000Z,UPS-02,ups,T1,EMERGENCY-POWER,running,online,400,196.21,50,115.84,0.98,56.39,,,,,98.74,48.53,false,,,,,good,simulated
2026-07-15T18:00:00.000Z,GEN-01,generator,T1,EMERGENCY-POWER,standby,auto,0,0,50,0,0.98,0,87.57,29,0,26.2,,,,,,,,good,simulated
2026-07-15T18:00:00.000Z,GEN-02,generator,T1,EMERGENCY-POWER,standby,auto,0,0,50,0,0.98,0,87.57,29,0,26.2,,,,,,,,good,simulated
2026-07-15T18:00:00.000Z,ATS-01,ats,T1,EMERGENCY-POWER,running,auto,400,,,,,,,,,,,,,true,true,normal,,good,simulated
2026-07-15T18:00:00.000Z,UPS-01,ups,T1,EMERGENCY-POWER,running,online,400,188.82,50,116.76,0.98,56.82,,,,,97.8,48.24,false,,,,,good,simulated
2026-07-15T18:00:00.000Z,UPS-02,ups,T1,EMERGENCY-POWER,running,online,400,200.23,50,116.76,0.98,56.82,,,,,98.96,48.24,false,,,,,good,simulated
2026-07-15T18:10:00.000Z,GEN-01,generator,T1,EMERGENCY-POWER,standby,auto,0,0,50,0,0.98,0,87.56,29,0,26.2,,,,,,,,good,simulated
2026-07-15T18:10:00.000Z,GEN-02,generator,T1,EMERGENCY-POWER,standby,auto,0,0,50,0,0.98,0,87.56,29,0,26.2,,,,,,,,good,simulated
2026-07-15T18:10:00.000Z,ATS-01,ats,T1,EMERGENCY-POWER,running,auto,400,,,,,,,,,,,,,true,true,normal,,good,simulated
2026-07-15T18:10:00.000Z,UPS-01,ups,T1,EMERGENCY-POWER,running,online,400,190.93,50,117.44,0.98,57.14,,,,,97.94,48.02,false,,,,,good,simulated
2026-07-15T18:10:00.000Z,UPS-02,ups,T1,EMERGENCY-POWER,running,online,400,201.84,50,117.44,0.98,57.14,,,,,98.98,48.02,false,,,,,good,simulated
2026-07-15T18:20:00.000Z,GEN-01,generator,T1,EMERGENCY-POWER,standby,auto,0,0,50,0,0.98,0,87.56,29,0,26.2,,,,,,,,good,simulated
2026-07-15T18:20:00.000Z,GEN-02,generator,T1,EMERGENCY-POWER,standby,auto,0,0,50,0,0.98,0,87.56,29,0,26.2,,,,,,,,good,simulated
2026-07-15T18:20:00.000Z,ATS-01,ats,T1,EMERGENCY-POWER,running,auto,400,,,,,,,,,,,,,true,true,normal,,good,simulated
2026-07-15T18:20:00.000Z,UPS-01,ups,T1,EMERGENCY-POWER,running,online,400,194.55,50,117.86,0.98,57.33,,,,,98.26,47.88,false,,,,,good,simulated
2026-07-15T18:20:00.000Z,UPS-02,ups,T1,EMERGENCY-POWER,running,online,400,200.92,50,117.86,0.98,57.33,,,,,98.79,47.88,false,,,,,good,simulated
2026-07-15T18:30:00.000Z,GEN-01,generator,T1,EMERGENCY-POWER,standby,auto,0,0,50,0,0.98,0,87.56,29,0,26.2,,,,,,,,good,simulated
2026-07-15T18:30:00.000Z,GEN-02,generator,T1,EMERGENCY-POWER,standby,auto,0,0,50,0,0.98,0,87.56,29,0,26.2,,,,,,,,good,simulated
2026-07-15T18:30:00.000Z,ATS-01,ats,T1,EMERGENCY-POWER,running,auto,400,,,,,,,,,,,,,true,true,normal,,good,simulated
2026-07-15T18:30:00.000Z,UPS-01,ups,T1,EMERGENCY-POWER,running,online,400,199.15,50,118,0.98,57.4,,,,,98.72,47.84,false,,,,,good,simulated
2026-07-15T18:30:00.000Z,UPS-02,ups,T1,EMERGENCY-POWER,running,online,400,197.74,50,118,0.98,57.4,,,,,98.42,47.84,false,,,,,good,simulated
2026-07-15T18:40:00.000Z,GEN-01,generator,T1,EMERGENCY-POWER,standby,auto,0,0,50,0,0.98,0,87.55,29,0,26.2,,,,,,,,good,simulated
2026-07-15T18:40:00.000Z,GEN-02,generator,T1,EMERGENCY-POWER,standby,auto,0,0,50,0,0.98,0,87.55,29,0,26.2,,,,,,,,good,simulated
2026-07-15T18:40:00.000Z,ATS-01,ats,T1,EMERGENCY-POWER,running,auto,400,,,,,,,,,,,,,true,true,normal,,good,simulated
2026-07-15T18:40:00.000Z,UPS-01,ups,T1,EMERGENCY-POWER,running,online,400,191.94,50,117.86,0.98,57.33,,,,,98.02,47.88,false,,,,,good,simulated
2026-07-15T18:40:00.000Z,UPS-02,ups,T1,EMERGENCY-POWER,running,online,400,192.88,50,117.86,0.98,57.33,,,,,97.94,47.88,false,,,,,good,simulated
2026-07-15T18:50:00.000Z,GEN-01,generator,T1,EMERGENCY-POWER,standby,auto,0,0,50,0,0.98,0,87.55,29,0,26.2,,,,,,,,good,simulated
2026-07-15T18:50:00.000Z,GEN-02,generator,T1,EMERGENCY-POWER,standby,auto,0,0,50,0,0.98,0,87.55,29,0,26.2,,,,,,,,good,simulated
2026-07-15T18:50:00.000Z,ATS-01,ats,T1,EMERGENCY-POWER,running,auto,400,,,,,,,,,,,,,true,true,normal,,good,simulated
2026-07-15T18:50:00.000Z,UPS-01,ups,T1,EMERGENCY-POWER,running,online,400,196.06,50,117.44,0.98,57.14,,,,,98.49,48.02,false,,,,,good,simulated
2026-07-15T18:50:00.000Z,UPS-02,ups,T1,EMERGENCY-POWER,running,online,400,199.17,50,117.44,0.98,57.14,,,,,98.64,48.02,false,,,,,good,simulated
2026-07-15T19:00:00.000Z,GEN-01,generator,T1,EMERGENCY-POWER,standby,auto,0,0,50,0,0.98,0,87.54,29,0,26.2,,,,,,,,good,simulated
2026-07-15T19:00:00.000Z,GEN-02,generator,T1,EMERGENCY-POWER,standby,auto,0,0,50,0,0.98,0,87.54,29,0,26.2,,,,,,,,good,simulated
2026-07-15T19:00:00.000Z,ATS-01,ats,T1,EMERGENCY-POWER,running,auto,400,,,,,,,,,,,,,true,true,normal,,good,simulated
2026-07-15T19:00:00.000Z,UPS-01,ups,T1,EMERGENCY-POWER,running,online,400,198.66,50,116.76,0.98,56.82,,,,,98.83,48.24,false,,,,,good,simulated
2026-07-15T19:00:00.000Z,UPS-02,ups,T1,EMERGENCY-POWER,running,online,400,193.52,50,116.76,0.98,56.82,,,,,98.2,48.24,false,,,,,good,simulated
2026-07-15T19:10:00.000Z,GEN-01,generator,T1,EMERGENCY-POWER,standby,auto,0,0,50,0,0.98,0,87.54,29,0,26.2,,,,,,,,good,simulated
2026-07-15T19:10:00.000Z,GEN-02,generator,T1,EMERGENCY-POWER,standby,auto,0,0,50,0,0.98,0,87.54,29,0,26.2,,,,,,,,good,simulated
2026-07-15T19:10:00.000Z,ATS-01,ats,T1,EMERGENCY-POWER,running,auto,400,,,,,,,,,,,,,true,true,normal,,good,simulated
2026-07-15T19:10:00.000Z,UPS-01,ups,T1,EMERGENCY-POWER,running,online,400,199.13,50,115.84,0.98,56.39,,,,,98.99,48.53,false,,,,,good,simulated
2026-07-15T19:10:00.000Z,UPS-02,ups,T1,EMERGENCY-POWER,running,online,400,188.77,50,115.84,0.98,56.39,,,,,97.9,48.53,false,,,,,good,simulated
2026-07-15T19:20:00.000Z,GEN-01,generator,T1,EMERGENCY-POWER,standby,auto,0,0,50,0,0.98,0,87.54,29,0,26.2,,,,,,,,good,simulated
2026-07-15T19:20:00.000Z,GEN-02,generator,T1,EMERGENCY-POWER,standby,auto,0,0,50,0,0.98,0,87.54,29,0,26.2,,,,,,,,good,simulated
2026-07-15T19:20:00.000Z,ATS-01,ats,T1,EMERGENCY-POWER,running,auto,400,,,,,,,,,,,,,true,true,normal,,good,simulated
2026-07-15T19:20:00.000Z,UPS-01,ups,T1,EMERGENCY-POWER,running,online,400,197.16,50,114.69,0.98,55.85,,,,,98.94,48.9,false,,,,,good,simulated
2026-07-15T19:20:00.000Z,UPS-02,ups,T1,EMERGENCY-POWER,running,online,400,185.53,50,114.69,0.98,55.85,,,,,97.8,48.9,false,,,,,good,simulated
2026-07-15T19:30:00.000Z,GEN-01,generator,T1,EMERGENCY-POWER,standby,auto,0,0,50,0,0.98,0,87.53,29,0,26.2,,,,,,,,good,simulated
2026-07-15T19:30:00.000Z,GEN-02,generator,T1,EMERGENCY-POWER,standby,auto,0,0,50,0,0.98,0,87.53,29,0,26.2,,,,,,,,good,simulated
2026-07-15T19:30:00.000Z,ATS-01,ats,T1,EMERGENCY-POWER,running,auto,400,,,,,,,,,,,,,true,true,normal,,good,simulated
2026-07-15T19:30:00.000Z,UPS-01,ups,T1,EMERGENCY-POWER,running,online,400,192.83,50,113.34,0.98,55.23,,,,,98.69,49.33,false,,,,,good,simulated
2026-07-15T19:30:00.000Z,UPS-02,ups,T1,EMERGENCY-POWER,running,online,400,184.09,50,113.34,0.98,55.23,,,,,97.91,49.33,false,,,,,good,simulated
2026-07-15T19:40:00.000Z,GEN-01,generator,T1,EMERGENCY-POWER,standby,auto,0,0,50,0,0.98,0,87.53,29,0,26.2,,,,,,,,good,simulated
2026-07-15T19:40:00.000Z,GEN-02,generator,T1,EMERGENCY-POWER,standby,auto,0,0,50,0,0.98,0,87.53,29,0,26.2,,,,,,,,good,simulated
2026-07-15T19:40:00.000Z,ATS-01,ats,T1,EMERGENCY-POWER,running,auto,400,,,,,,,,,,,,,true,true,normal,,good,simulated
2026-07-15T19:40:00.000Z,UPS-01,ups,T1,EMERGENCY-POWER,running,online,400,186.55,50,111.84,0.98,54.52,,,,,98.28,49.81,false,,,,,good,simulated
2026-07-15T19:40:00.000Z,UPS-02,ups,T1,EMERGENCY-POWER,running,online,400,184.38,50,111.84,0.98,54.52,,,,,98.21,49.81,false,,,,,good,simulated
2026-07-15T19:50:00.000Z,GEN-01,generator,T1,EMERGENCY-POWER,standby,auto,0,0,50,0,0.98,0,87.52,29,0,26.2,,,,,,,,good,simulated
2026-07-15T19:50:00.000Z,GEN-02,generator,T1,EMERGENCY-POWER,standby,auto,0,0,50,0,0.98,0,87.52,29,0,26.2,,,,,,,,good,simulated
2026-07-15T19:50:00.000Z,ATS-01,ats,T1,EMERGENCY-POWER,running,auto,400,,,,,,,,,,,,,true,true,normal,,good,simulated
2026-07-15T19:50:00.000Z,UPS-01,ups,T1,EMERGENCY-POWER,running,online,400,179.08,50,110.2,0.98,53.76,,,,,98.99,50.34,false,,,,,good,simulated
2026-07-15T19:50:00.000Z,UPS-02,ups,T1,EMERGENCY-POWER,running,online,400,185.98,50,110.2,0.98,53.76,,,,,98.65,50.34,false,,,,,good,simulated
2026-07-15T20:00:00.000Z,GEN-01,generator,T1,EMERGENCY-POWER,standby,auto,0,0,50,0,0.98,0,87.52,29,0,26.2,,,,,,,,good,simulated
2026-07-15T20:00:00.000Z,GEN-02,generator,T1,EMERGENCY-POWER,standby,auto,0,0,50,0,0.98,0,87.52,29,0,26.2,,,,,,,,good,simulated
2026-07-15T20:00:00.000Z,ATS-01,ats,T1,EMERGENCY-POWER,running,auto,400,,,,,,,,,,,,,true,true,normal,,good,simulated
2026-07-15T20:00:00.000Z,UPS-01,ups,T1,EMERGENCY-POWER,running,online,400,183.34,50,108.48,0.98,52.96,,,,,98.5,50.89,false,,,,,good,simulated
2026-07-15T20:00:00.000Z,UPS-02,ups,T1,EMERGENCY-POWER,running,online,400,176.2,50,108.48,0.98,52.96,,,,,97.95,50.89,false,,,,,good,simulated
2026-07-15T20:10:00.000Z,GEN-01,generator,T1,EMERGENCY-POWER,standby,auto,0,0,50,0,0.98,0,87.52,29,0,26.2,,,,,,,,good,simulated
2026-07-15T20:10:00.000Z,GEN-02,generator,T1,EMERGENCY-POWER,standby,auto,0,0,50,0,0.98,0,87.52,29,0,26.2,,,,,,,,good,simulated
2026-07-15T20:10:00.000Z,ATS-01,ats,T1,EMERGENCY-POWER,running,auto,400,,,,,,,,,,,,,true,true,normal,,good,simulated
2026-07-15T20:10:00.000Z,UPS-01,ups,T1,EMERGENCY-POWER,running,online,400,176.25,50,106.7,0.98,52.13,,,,,98.09,51.46,false,,,,,good,simulated
2026-07-15T20:10:00.000Z,UPS-02,ups,T1,EMERGENCY-POWER,running,online,400,178.22,50,106.7,0.98,52.13,,,,,98.43,51.46,false,,,,,good,simulated
2026-07-15T20:20:00.000Z,GEN-01,generator,T1,EMERGENCY-POWER,standby,auto,0,0,50,0,0.98,0,87.51,29,0,26.2,,,,,,,,good,simulated
2026-07-15T20:20:00.000Z,GEN-02,generator,T1,EMERGENCY-POWER,standby,auto,0,0,50,0,0.98,0,87.51,29,0,26.2,,,,,,,,good,simulated
2026-07-15T20:20:00.000Z,ATS-01,ats,T1,EMERGENCY-POWER,running,auto,400,,,,,,,,,,,,,true,true,normal,,good,simulated
2026-07-15T20:20:00.000Z,UPS-01,ups,T1,EMERGENCY-POWER,running,online,400,170.62,50,104.9,0.98,51.29,,,,,97.85,52.03,false,,,,,good,simulated
2026-07-15T20:20:00.000Z,UPS-02,ups,T1,EMERGENCY-POWER,running,online,400,179.24,50,104.9,0.98,51.29,,,,,98.79,52.03,false,,,,,good,simulated
2026-07-15T20:30:00.000Z,GEN-01,generator,T1,EMERGENCY-POWER,standby,auto,0,0,50,0,0.98,0,87.51,29,0,26.2,,,,,,,,good,simulated
2026-07-15T20:30:00.000Z,GEN-02,generator,T1,EMERGENCY-POWER,standby,auto,0,0,50,0,0.98,0,87.51,29,0,26.2,,,,,,,,good,simulated
2026-07-15T20:30:00.000Z,ATS-01,ats,T1,EMERGENCY-POWER,running,auto,400,,,,,,,,,,,,,true,true,normal,,good,simulated
2026-07-15T20:30:00.000Z,UPS-01,ups,T1,EMERGENCY-POWER,running,online,400,167,50,103.11,0.98,50.45,,,,,97.81,52.6,false,,,,,good,simulated
2026-07-15T20:30:00.000Z,UPS-02,ups,T1,EMERGENCY-POWER,running,online,400,178.61,50,103.11,0.98,50.45,,,,,98.98,52.6,false,,,,,good,simulated
2026-07-15T20:40:00.000Z,GEN-01,generator,T1,EMERGENCY-POWER,standby,auto,0,0,50,0,0.98,0,87.5,29,0,26.2,,,,,,,,good,simulated
2026-07-15T20:40:00.000Z,GEN-02,generator,T1,EMERGENCY-POWER,standby,auto,0,0,50,0,0.98,0,87.5,29,0,26.2,,,,,,,,good,simulated
2026-07-15T20:40:00.000Z,ATS-01,ats,T1,EMERGENCY-POWER,running,auto,400,,,,,,,,,,,,,true,true,normal,,good,simulated
2026-07-15T20:40:00.000Z,UPS-01,ups,T1,EMERGENCY-POWER,running,online,400,165.55,50,101.36,0.98,49.64,,,,,97.98,53.16,false,,,,,good,simulated
2026-07-15T20:40:00.000Z,UPS-02,ups,T1,EMERGENCY-POWER,running,online,400,176,50,101.36,0.98,49.64,,,,,98.96,53.16,false,,,,,good,simulated
2026-07-15T20:50:00.000Z,GEN-01,generator,T1,EMERGENCY-POWER,standby,auto,0,0,50,0,0.98,0,87.5,29,0,26.2,,,,,,,,good,simulated
2026-07-15T20:50:00.000Z,GEN-02,generator,T1,EMERGENCY-POWER,standby,auto,0,0,50,0,0.98,0,87.5,29,0,26.2,,,,,,,,good,simulated
2026-07-15T20:50:00.000Z,ATS-01,ats,T1,EMERGENCY-POWER,running,auto,400,,,,,,,,,,,,,true,true,normal,,good,simulated
2026-07-15T20:50:00.000Z,UPS-01,ups,T1,EMERGENCY-POWER,running,online,400,166.09,50,99.68,0.98,48.85,,,,,98.33,53.7,false,,,,,good,simulated
2026-07-15T20:50:00.000Z,UPS-02,ups,T1,EMERGENCY-POWER,running,online,400,171.4,50,99.68,0.98,48.85,,,,,98.74,53.7,false,,,,,good,simulated
2026-07-15T21:00:00.000Z,GEN-01,generator,T1,EMERGENCY-POWER,standby,auto,0,0,50,0,0.98,0,87.5,29,0,26.2,,,,,,,,good,simulated
2026-07-15T21:00:00.000Z,GEN-02,generator,T1,EMERGENCY-POWER,standby,auto,0,0,50,0,0.98,0,87.5,29,0,26.2,,,,,,,,good,simulated
2026-07-15T21:00:00.000Z,ATS-01,ats,T1,EMERGENCY-POWER,running,auto,400,,,,,,,,,,,,,true,true,normal,,good,simulated
2026-07-15T21:00:00.000Z,UPS-01,ups,T1,EMERGENCY-POWER,running,online,400,168.08,50,98.09,0.98,48.11,,,,,98.8,54.21,false,,,,,good,simulated
2026-07-15T21:00:00.000Z,UPS-02,ups,T1,EMERGENCY-POWER,running,online,400,165.19,50,98.09,0.98,48.11,,,,,98.35,54.21,false,,,,,good,simulated
2026-07-15T21:10:00.000Z,GEN-01,generator,T1,EMERGENCY-POWER,standby,auto,0,0,50,0,0.98,0,87.49,29,0,26.2,,,,,,,,good,simulated
2026-07-15T21:10:00.000Z,GEN-02,generator,T1,EMERGENCY-POWER,standby,auto,0,0,50,0,0.98,0,87.49,29,0,26.2,,,,,,,,good,simulated
2026-07-15T21:10:00.000Z,ATS-01,ats,T1,EMERGENCY-POWER,running,auto,400,,,,,,,,,,,,,true,true,normal,,good,simulated
2026-07-15T21:10:00.000Z,UPS-01,ups,T1,EMERGENCY-POWER,running,online,400,158.73,50,96.6,0.98,47.41,,,,,98.1,54.69,false,,,,,good,simulated
2026-07-15T21:10:00.000Z,UPS-02,ups,T1,EMERGENCY-POWER,running,online,400,158.05,50,96.6,0.98,47.41,,,,,97.86,54.69,false,,,,,good,simulated
2026-07-15T21:20:00.000Z,GEN-01,generator,T1,EMERGENCY-POWER,standby,auto,0,0,50,0,0.98,0,87.49,29,0,26.2,,,,,,,,good,simulated
2026-07-15T21:20:00.000Z,GEN-02,generator,T1,EMERGENCY-POWER,standby,auto,0,0,50,0,0.98,0,87.49,29,0,26.2,,,,,,,,good,simulated
2026-07-15T21:20:00.000Z,ATS-01,ats,T1,EMERGENCY-POWER,running,auto,400,,,,,,,,,,,,,true,true,normal,,good,simulated
2026-07-15T21:20:00.000Z,UPS-01,ups,T1,EMERGENCY-POWER,running,online,400,161.18,50,95.22,0.98,46.77,,,,,98.55,55.13,false,,,,,good,simulated
2026-07-15T21:20:00.000Z,UPS-02,ups,T1,EMERGENCY-POWER,running,online,400,162.82,50,95.22,0.98,46.77,,,,,98.56,55.13,false,,,,,good,simulated
2026-07-15T21:30:00.000Z,GEN-01,generator,T1,EMERGENCY-POWER,standby,auto,0,0,50,0,0.98,0,87.48,29,0,26.2,,,,,,,,good,simulated
2026-07-15T21:30:00.000Z,GEN-02,generator,T1,EMERGENCY-POWER,standby,auto,0,0,50,0,0.98,0,87.48,29,0,26.2,,,,,,,,good,simulated
2026-07-15T21:30:00.000Z,ATS-01,ats,T1,EMERGENCY-POWER,running,auto,400,,,,,,,,,,,,,true,true,normal,,good,simulated
2026-07-15T21:30:00.000Z,UPS-01,ups,T1,EMERGENCY-POWER,running,online,400,162.62,50,93.96,0.98,46.18,,,,,98.87,55.53,false,,,,,good,simulated
2026-07-15T21:30:00.000Z,UPS-02,ups,T1,EMERGENCY-POWER,running,online,400,156.41,50,93.96,0.98,46.18,,,,,98.14,55.53,false,,,,,good,simulated
2026-07-15T21:40:00.000Z,GEN-01,generator,T1,EMERGENCY-POWER,standby,auto,0,0,50,0,0.98,0,87.48,29,0,26.2,,,,,,,,good,simulated
2026-07-15T21:40:00.000Z,GEN-02,generator,T1,EMERGENCY-POWER,standby,auto,0,0,50,0,0.98,0,87.48,29,0,26.2,,,,,,,,good,simulated
2026-07-15T21:40:00.000Z,ATS-01,ats,T1,EMERGENCY-POWER,running,auto,400,,,,,,,,,,,,,true,true,normal,,good,simulated
2026-07-15T21:40:00.000Z,UPS-01,ups,T1,EMERGENCY-POWER,running,online,400,162.45,50,92.83,0.98,45.65,,,,,99,55.89,false,,,,,good,simulated
2026-07-15T21:40:00.000Z,UPS-02,ups,T1,EMERGENCY-POWER,running,online,400,151.6,50,92.83,0.98,45.65,,,,,97.87,55.89,false,,,,,good,simulated
2026-07-15T21:50:00.000Z,GEN-01,generator,T1,EMERGENCY-POWER,standby,auto,0,0,50,0,0.98,0,87.48,29,0,26.2,,,,,,,,good,simulated
2026-07-15T21:50:00.000Z,GEN-02,generator,T1,EMERGENCY-POWER,standby,auto,0,0,50,0,0.98,0,87.48,29,0,26.2,,,,,,,,good,simulated
2026-07-15T21:50:00.000Z,ATS-01,ats,T1,EMERGENCY-POWER,running,auto,400,,,,,,,,,,,,,true,true,normal,,good,simulated
2026-07-15T21:50:00.000Z,UPS-01,ups,T1,EMERGENCY-POWER,running,online,400,160.36,50,91.82,0.98,45.18,,,,,98.91,56.22,false,,,,,good,simulated
2026-07-15T21:50:00.000Z,UPS-02,ups,T1,EMERGENCY-POWER,running,online,400,148.92,50,91.82,0.98,45.18,,,,,97.8,56.22,false,,,,,good,simulated
2026-07-15T22:00:00.000Z,GEN-01,generator,T1,EMERGENCY-POWER,standby,auto,0,0,50,0,0.98,0,87.47,29,0,26.2,,,,,,,,good,simulated
2026-07-15T22:00:00.000Z,GEN-02,generator,T1,EMERGENCY-POWER,standby,auto,0,0,50,0,0.98,0,87.47,29,0,26.2,,,,,,,,good,simulated
2026-07-15T22:00:00.000Z,ATS-01,ats,T1,EMERGENCY-POWER,running,auto,400,,,,,,,,,,,,,true,true,normal,,good,simulated
2026-07-15T22:00:00.000Z,UPS-01,ups,T1,EMERGENCY-POWER,running,online,400,156.45,50,90.94,0.98,44.77,,,,,98.63,56.5,false,,,,,good,simulated
2026-07-15T22:00:00.000Z,UPS-02,ups,T1,EMERGENCY-POWER,running,online,400,148.55,50,90.94,0.98,44.77,,,,,97.94,56.5,false,,,,,good,simulated
2026-07-15T22:10:00.000Z,GEN-01,generator,T1,EMERGENCY-POWER,standby,auto,0,0,50,0,0.98,0,87.47,29,0,26.2,,,,,,,,good,simulated
2026-07-15T22:10:00.000Z,GEN-02,generator,T1,EMERGENCY-POWER,standby,auto,0,0,50,0,0.98,0,87.47,29,0,26.2,,,,,,,,good,simulated
2026-07-15T22:10:00.000Z,ATS-01,ats,T1,EMERGENCY-POWER,running,auto,400,,,,,,,,,,,,,true,true,normal,,good,simulated
2026-07-15T22:10:00.000Z,UPS-01,ups,T1,EMERGENCY-POWER,running,online,400,151.14,50,90.17,0.98,44.41,,,,,98.21,56.75,false,,,,,good,simulated
2026-07-15T22:10:00.000Z,UPS-02,ups,T1,EMERGENCY-POWER,running,online,400,150.3,50,90.17,0.98,44.41,,,,,98.27,56.75,false,,,,,good,simulated
2026-07-15T22:20:00.000Z,GEN-01,generator,T1,EMERGENCY-POWER,standby,auto,0,0,50,0,0.98,0,87.46,29,0,26.2,,,,,,,,good,simulated
2026-07-15T22:20:00.000Z,GEN-02,generator,T1,EMERGENCY-POWER,standby,auto,0,0,50,0,0.98,0,87.46,29,0,26.2,,,,,,,,good,simulated
2026-07-15T22:20:00.000Z,ATS-01,ats,T1,EMERGENCY-POWER,running,auto,400,,,,,,,,,,,,,true,true,normal,,good,simulated
2026-07-15T22:20:00.000Z,UPS-01,ups,T1,EMERGENCY-POWER,running,online,400,157.14,50,89.5,0.98,44.1,,,,,98.91,56.96,false,,,,,good,simulated
2026-07-15T22:20:00.000Z,UPS-02,ups,T1,EMERGENCY-POWER,running,online,400,153.63,50,89.5,0.98,44.1,,,,,98.73,56.96,false,,,,,good,simulated
2026-07-15T22:30:00.000Z,GEN-01,generator,T1,EMERGENCY-POWER,standby,auto,0,0,50,0,0.98,0,87.46,29,0,26.2,,,,,,,,good,simulated
2026-07-15T22:30:00.000Z,GEN-02,generator,T1,EMERGENCY-POWER,standby,auto,0,0,50,0,0.98,0,87.46,29,0,26.2,,,,,,,,good,simulated
2026-07-15T22:30:00.000Z,ATS-01,ats,T1,EMERGENCY-POWER,running,auto,400,,,,,,,,,,,,,true,true,normal,,good,simulated
2026-07-15T22:30:00.000Z,UPS-01,ups,T1,EMERGENCY-POWER,running,online,400,151.31,50,88.94,0.98,43.84,,,,,98.42,57.14,false,,,,,good,simulated
2026-07-15T22:30:00.000Z,UPS-02,ups,T1,EMERGENCY-POWER,running,online,400,145.75,50,88.94,0.98,43.84,,,,,98.03,57.14,false,,,,,good,simulated
2026-07-15T22:40:00.000Z,GEN-01,generator,T1,EMERGENCY-POWER,standby,auto,0,0,50,0,0.98,0,87.46,29,0,26.2,,,,,,,,good,simulated
2026-07-15T22:40:00.000Z,GEN-02,generator,T1,EMERGENCY-POWER,standby,auto,0,0,50,0,0.98,0,87.46,29,0,26.2,,,,,,,,good,simulated
2026-07-15T22:40:00.000Z,ATS-01,ats,T1,EMERGENCY-POWER,running,auto,400,,,,,,,,,,,,,true,true,normal,,good,simulated
2026-07-15T22:40:00.000Z,UPS-01,ups,T1,EMERGENCY-POWER,running,online,400,146.51,50,88.46,0.98,43.61,,,,,98.04,57.29,false,,,,,good,simulated
2026-07-15T22:40:00.000Z,UPS-02,ups,T1,EMERGENCY-POWER,running,online,400,149.75,50,88.46,0.98,43.61,,,,,98.5,57.29,false,,,,,good,simulated
2026-07-15T22:50:00.000Z,GEN-01,generator,T1,EMERGENCY-POWER,standby,auto,0,0,50,0,0.98,0,87.45,29,0,26.2,,,,,,,,good,simulated
2026-07-15T22:50:00.000Z,GEN-02,generator,T1,EMERGENCY-POWER,standby,auto,0,0,50,0,0.98,0,87.45,29,0,26.2,,,,,,,,good,simulated
2026-07-15T22:50:00.000Z,ATS-01,ats,T1,EMERGENCY-POWER,running,auto,400,,,,,,,,,,,,,true,true,normal,,good,simulated
2026-07-15T22:50:00.000Z,UPS-01,ups,T1,EMERGENCY-POWER,running,online,400,143.42,50,88.06,0.98,43.43,,,,,97.83,57.42,false,,,,,good,simulated
2026-07-15T22:50:00.000Z,UPS-02,ups,T1,EMERGENCY-POWER,running,online,400,152.78,50,88.06,0.98,43.43,,,,,98.84,57.42,false,,,,,good,simulated
2026-07-15T23:00:00.000Z,GEN-01,generator,T1,EMERGENCY-POWER,standby,auto,0,0,50,0,0.98,0,87.45,29,0,26.2,,,,,,,,good,simulated
2026-07-15T23:00:00.000Z,GEN-02,generator,T1,EMERGENCY-POWER,standby,auto,0,0,50,0,0.98,0,87.45,29,0,26.2,,,,,,,,good,simulated
2026-07-15T23:00:00.000Z,ATS-01,ats,T1,EMERGENCY-POWER,running,auto,400,,,,,,,,,,,,,true,true,normal,,good,simulated
2026-07-15T23:00:00.000Z,UPS-01,ups,T1,EMERGENCY-POWER,running,online,400,142.47,50,87.73,0.98,43.28,,,,,97.82,57.53,false,,,,,good,simulated
2026-07-15T23:00:00.000Z,UPS-02,ups,T1,EMERGENCY-POWER,running,online,400,154.18,50,87.73,0.98,43.28,,,,,98.99,57.53,false,,,,,good,simulated
2026-07-15T23:10:00.000Z,GEN-01,generator,T1,EMERGENCY-POWER,standby,auto,0,0,50,0,0.98,0,87.44,29,0,26.2,,,,,,,,good,simulated
2026-07-15T23:10:00.000Z,GEN-02,generator,T1,EMERGENCY-POWER,standby,auto,0,0,50,0,0.98,0,87.44,29,0,26.2,,,,,,,,good,simulated
2026-07-15T23:10:00.000Z,ATS-01,ats,T1,EMERGENCY-POWER,running,auto,400,,,,,,,,,,,,,true,true,normal,,good,simulated
2026-07-15T23:10:00.000Z,UPS-01,ups,T1,EMERGENCY-POWER,running,online,400,117.32,50,70.97,0.98,35.45,,,,,98.03,62.89,false,,,,,good,simulated
2026-07-15T23:10:00.000Z,UPS-02,ups,T1,EMERGENCY-POWER,running,online,400,127.19,50,70.97,0.98,35.45,,,,,98.94,62.89,false,,,,,good,simulated
2026-07-15T23:20:00.000Z,GEN-01,generator,T1,EMERGENCY-POWER,standby,auto,0,0,50,0,0.98,0,87.44,29,0,26.2,,,,,,,,good,simulated
2026-07-15T23:20:00.000Z,GEN-02,generator,T1,EMERGENCY-POWER,standby,auto,0,0,50,0,0.98,0,87.44,29,0,26.2,,,,,,,,good,simulated
2026-07-15T23:20:00.000Z,ATS-01,ats,T1,EMERGENCY-POWER,running,auto,400,,,,,,,,,,,,,true,true,normal,,good,simulated
2026-07-15T23:20:00.000Z,UPS-01,ups,T1,EMERGENCY-POWER,running,online,400,120.46,50,70.75,0.98,35.35,,,,,98.4,62.96,false,,,,,good,simulated
2026-07-15T23:20:00.000Z,UPS-02,ups,T1,EMERGENCY-POWER,running,online,400,124.62,50,70.75,0.98,35.35,,,,,98.69,62.96,false,,,,,good,simulated
2026-07-15T23:30:00.000Z,GEN-01,generator,T1,EMERGENCY-POWER,standby,auto,0,0,50,0,0.98,0,87.44,29,0,26.2,,,,,,,,good,simulated
2026-07-15T23:30:00.000Z,GEN-02,generator,T1,EMERGENCY-POWER,standby,auto,0,0,50,0,0.98,0,87.44,29,0,26.2,,,,,,,,good,simulated
2026-07-15T23:30:00.000Z,ATS-01,ats,T1,EMERGENCY-POWER,running,auto,400,,,,,,,,,,,,,true,true,normal,,good,simulated
2026-07-15T23:30:00.000Z,UPS-01,ups,T1,EMERGENCY-POWER,running,online,400,124.86,50,70.58,0.98,35.27,,,,,98.88,63.02,false,,,,,good,simulated
2026-07-15T23:30:00.000Z,UPS-02,ups,T1,EMERGENCY-POWER,running,online,400,120.46,50,70.58,0.98,35.27,,,,,98.27,63.02,false,,,,,good,simulated
2026-07-15T23:40:00.000Z,GEN-01,generator,T1,EMERGENCY-POWER,standby,auto,0,0,50,0,0.98,0,87.43,29,0,26.2,,,,,,,,good,simulated
2026-07-15T23:40:00.000Z,GEN-02,generator,T1,EMERGENCY-POWER,standby,auto,0,0,50,0,0.98,0,87.43,29,0,26.2,,,,,,,,good,simulated
2026-07-15T23:40:00.000Z,ATS-01,ats,T1,EMERGENCY-POWER,running,auto,400,,,,,,,,,,,,,true,true,normal,,good,simulated
2026-07-15T23:40:00.000Z,UPS-01,ups,T1,EMERGENCY-POWER,running,online,400,117.68,50,70.44,0.98,35.21,,,,,98.18,63.06,false,,,,,good,simulated
2026-07-15T23:40:00.000Z,UPS-02,ups,T1,EMERGENCY-POWER,running,online,400,115.38,50,70.44,0.98,35.21,,,,,98.98,63.06,false,,,,,good,simulated
2026-07-15T23:50:00.000Z,GEN-01,generator,T1,EMERGENCY-POWER,standby,auto,0,0,50,0,0.98,0,87.43,29,0,26.2,,,,,,,,good,simulated
2026-07-15T23:50:00.000Z,GEN-02,generator,T1,EMERGENCY-POWER,standby,auto,0,0,50,0,0.98,0,87.43,29,0,26.2,,,,,,,,good,simulated
2026-07-15T23:50:00.000Z,ATS-01,ats,T1,EMERGENCY-POWER,running,auto,400,,,,,,,,,,,,,true,true,normal,,good,simulated
2026-07-15T23:50:00.000Z,UPS-01,ups,T1,EMERGENCY-POWER,running,online,400,122.02,50,70.33,0.98,35.16,,,,,98.62,63.09,false,,,,,good,simulated
2026-07-15T23:50:00.000Z,UPS-02,ups,T1,EMERGENCY-POWER,running,online,400,122.22,50,70.33,0.98,35.16,,,,,98.49,63.09,false,,,,,good,simulated
